-- INSERT INTO PUBLIC.AREAS (ID, NAME, BOARD_ID) VALUES (1, 'LOUNGE', 1);
-- INSERT INTO PUBLIC.AREAS (ID, NAME, BOARD_ID) VALUES (2, 'CONSERVATORY', 1);
-- INSERT INTO PUBLIC.AREAS (ID, NAME, BOARD_ID) VALUES (3, 'BALLROOM', 1);
-- INSERT INTO PUBLIC.AREAS (ID, NAME, BOARD_ID) VALUES (4, 'DINING_ROOM', 1);
-- INSERT INTO PUBLIC.AREAS (ID, NAME, BOARD_ID) VALUES (5, 'KITCHEN', 1);
-- INSERT INTO PUBLIC.AREAS (ID, NAME, BOARD_ID) VALUES (6, 'LIBRARY', 1);
-- INSERT INTO PUBLIC.AREAS (ID, NAME, BOARD_ID) VALUES (7, 'BILLIARD_ROOM', 1);
-- INSERT INTO PUBLIC.AREAS (ID, NAME, BOARD_ID) VALUES (8, 'STUDY', 1);
-- INSERT INTO PUBLIC.AREAS (ID, NAME, BOARD_ID) VALUES (9, 'HALL', 1);
-- INSERT INTO PUBLIC.AREAS (ID, NAME, BOARD_ID) VALUES (10, 'LOUNGE', 452);
-- INSERT INTO PUBLIC.AREAS (ID, NAME, BOARD_ID) VALUES (11, 'CONSERVATORY', 452);
-- INSERT INTO PUBLIC.AREAS (ID, NAME, BOARD_ID) VALUES (12, 'BALLROOM', 452);
-- INSERT INTO PUBLIC.AREAS (ID, NAME, BOARD_ID) VALUES (13, 'DINING_ROOM', 452);
-- INSERT INTO PUBLIC.AREAS (ID, NAME, BOARD_ID) VALUES (14, 'KITCHEN', 452);
-- INSERT INTO PUBLIC.AREAS (ID, NAME, BOARD_ID) VALUES (15, 'LIBRARY', 452);
-- INSERT INTO PUBLIC.AREAS (ID, NAME, BOARD_ID) VALUES (16, 'BILLIARD_ROOM', 452);
-- INSERT INTO PUBLIC.AREAS (ID, NAME, BOARD_ID) VALUES (17, 'STUDY', 452);
-- INSERT INTO PUBLIC.AREAS (ID, NAME, BOARD_ID) VALUES (18, 'HALL', 452);
--
-- INSERT INTO PUBLIC.BOARDS (ID, NAME) VALUES (1, 'StandardBoard');
-- INSERT INTO PUBLIC.BOARDS (ID, NAME) VALUES (452, 'halloweenBoard');
--
-- INSERT INTO PUBLIC.GAMES (ID, BOARD_ID) VALUES (1, 1);
-- INSERT INTO PUBLIC.GAMES (ID, BOARD_ID) VALUES (2, 452);
--
-- INSERT INTO PUBLIC.POSITIONS (ID, X, Y, TILE_ID) VALUES (3, 0, 0, 2);
-- INSERT INTO PUBLIC.POSITIONS (ID, X, Y, TILE_ID) VALUES (5, 1, 0, 4);
-- INSERT INTO PUBLIC.POSITIONS (ID, X, Y, TILE_ID) VALUES (7, 2, 0, 6);
-- INSERT INTO PUBLIC.POSITIONS (ID, X, Y, TILE_ID) VALUES (9, 3, 0, 8);
-- INSERT INTO PUBLIC.POSITIONS (ID, X, Y, TILE_ID) VALUES (11, 4, 0, 10);
-- INSERT INTO PUBLIC.POSITIONS (ID, X, Y, TILE_ID) VALUES (13, 0, 1, 12);
-- INSERT INTO PUBLIC.POSITIONS (ID, X, Y, TILE_ID) VALUES (15, 1, 1, 14);
-- INSERT INTO PUBLIC.POSITIONS (ID, X, Y, TILE_ID) VALUES (17, 2, 1, 16);
-- INSERT INTO PUBLIC.POSITIONS (ID, X, Y, TILE_ID) VALUES (19, 3, 1, 18);
-- INSERT INTO PUBLIC.POSITIONS (ID, X, Y, TILE_ID) VALUES (21, 4, 1, 20);
-- INSERT INTO PUBLIC.POSITIONS (ID, X, Y, TILE_ID) VALUES (23, 0, 2, 22);
-- INSERT INTO PUBLIC.POSITIONS (ID, X, Y, TILE_ID) VALUES (25, 1, 2, 24);
-- INSERT INTO PUBLIC.POSITIONS (ID, X, Y, TILE_ID) VALUES (27, 2, 2, 26);
-- INSERT INTO PUBLIC.POSITIONS (ID, X, Y, TILE_ID) VALUES (29, 3, 2, 28);
-- INSERT INTO PUBLIC.POSITIONS (ID, X, Y, TILE_ID) VALUES (31, 4, 2, 30);
-- INSERT INTO PUBLIC.POSITIONS (ID, X, Y, TILE_ID) VALUES (33, 0, 3, 32);
-- INSERT INTO PUBLIC.POSITIONS (ID, X, Y, TILE_ID) VALUES (35, 1, 3, 34);
-- INSERT INTO PUBLIC.POSITIONS (ID, X, Y, TILE_ID) VALUES (37, 2, 3, 36);
-- INSERT INTO PUBLIC.POSITIONS (ID, X, Y, TILE_ID) VALUES (39, 3, 3, 38);
-- INSERT INTO PUBLIC.POSITIONS (ID, X, Y, TILE_ID) VALUES (41, 4, 3, 40);
-- INSERT INTO PUBLIC.POSITIONS (ID, X, Y, TILE_ID) VALUES (43, 0, 4, 42);
-- INSERT INTO PUBLIC.POSITIONS (ID, X, Y, TILE_ID) VALUES (45, 1, 4, 44);
-- INSERT INTO PUBLIC.POSITIONS (ID, X, Y, TILE_ID) VALUES (47, 2, 4, 46);
-- INSERT INTO PUBLIC.POSITIONS (ID, X, Y, TILE_ID) VALUES (49, 3, 4, 48);
-- INSERT INTO PUBLIC.POSITIONS (ID, X, Y, TILE_ID) VALUES (51, 4, 4, 50);
-- INSERT INTO PUBLIC.POSITIONS (ID, X, Y, TILE_ID) VALUES (53, 5, 0, 52);
-- INSERT INTO PUBLIC.POSITIONS (ID, X, Y, TILE_ID) VALUES (55, 6, 0, 54);
-- INSERT INTO PUBLIC.POSITIONS (ID, X, Y, TILE_ID) VALUES (57, 7, 0, 56);
-- INSERT INTO PUBLIC.POSITIONS (ID, X, Y, TILE_ID) VALUES (59, 8, 0, 58);
-- INSERT INTO PUBLIC.POSITIONS (ID, X, Y, TILE_ID) VALUES (61, 9, 0, 60);
-- INSERT INTO PUBLIC.POSITIONS (ID, X, Y, TILE_ID) VALUES (63, 5, 1, 62);
-- INSERT INTO PUBLIC.POSITIONS (ID, X, Y, TILE_ID) VALUES (65, 6, 1, 64);
-- INSERT INTO PUBLIC.POSITIONS (ID, X, Y, TILE_ID) VALUES (67, 7, 1, 66);
-- INSERT INTO PUBLIC.POSITIONS (ID, X, Y, TILE_ID) VALUES (69, 8, 1, 68);
-- INSERT INTO PUBLIC.POSITIONS (ID, X, Y, TILE_ID) VALUES (71, 9, 1, 70);
-- INSERT INTO PUBLIC.POSITIONS (ID, X, Y, TILE_ID) VALUES (73, 5, 2, 72);
-- INSERT INTO PUBLIC.POSITIONS (ID, X, Y, TILE_ID) VALUES (75, 6, 2, 74);
-- INSERT INTO PUBLIC.POSITIONS (ID, X, Y, TILE_ID) VALUES (77, 7, 2, 76);
-- INSERT INTO PUBLIC.POSITIONS (ID, X, Y, TILE_ID) VALUES (79, 8, 2, 78);
-- INSERT INTO PUBLIC.POSITIONS (ID, X, Y, TILE_ID) VALUES (81, 9, 2, 80);
-- INSERT INTO PUBLIC.POSITIONS (ID, X, Y, TILE_ID) VALUES (83, 5, 3, 82);
-- INSERT INTO PUBLIC.POSITIONS (ID, X, Y, TILE_ID) VALUES (85, 6, 3, 84);
-- INSERT INTO PUBLIC.POSITIONS (ID, X, Y, TILE_ID) VALUES (87, 7, 3, 86);
-- INSERT INTO PUBLIC.POSITIONS (ID, X, Y, TILE_ID) VALUES (89, 8, 3, 88);
-- INSERT INTO PUBLIC.POSITIONS (ID, X, Y, TILE_ID) VALUES (91, 9, 3, 90);
-- INSERT INTO PUBLIC.POSITIONS (ID, X, Y, TILE_ID) VALUES (93, 5, 4, 92);
-- INSERT INTO PUBLIC.POSITIONS (ID, X, Y, TILE_ID) VALUES (95, 6, 4, 94);
-- INSERT INTO PUBLIC.POSITIONS (ID, X, Y, TILE_ID) VALUES (97, 7, 4, 96);
-- INSERT INTO PUBLIC.POSITIONS (ID, X, Y, TILE_ID) VALUES (99, 8, 4, 98);
-- INSERT INTO PUBLIC.POSITIONS (ID, X, Y, TILE_ID) VALUES (101, 9, 4, 100);
-- INSERT INTO PUBLIC.POSITIONS (ID, X, Y, TILE_ID) VALUES (103, 10, 0, 102);
-- INSERT INTO PUBLIC.POSITIONS (ID, X, Y, TILE_ID) VALUES (105, 11, 0, 104);
-- INSERT INTO PUBLIC.POSITIONS (ID, X, Y, TILE_ID) VALUES (107, 12, 0, 106);
-- INSERT INTO PUBLIC.POSITIONS (ID, X, Y, TILE_ID) VALUES (109, 13, 0, 108);
-- INSERT INTO PUBLIC.POSITIONS (ID, X, Y, TILE_ID) VALUES (111, 14, 0, 110);
-- INSERT INTO PUBLIC.POSITIONS (ID, X, Y, TILE_ID) VALUES (113, 10, 1, 112);
-- INSERT INTO PUBLIC.POSITIONS (ID, X, Y, TILE_ID) VALUES (115, 11, 1, 114);
-- INSERT INTO PUBLIC.POSITIONS (ID, X, Y, TILE_ID) VALUES (117, 12, 1, 116);
-- INSERT INTO PUBLIC.POSITIONS (ID, X, Y, TILE_ID) VALUES (119, 13, 1, 118);
-- INSERT INTO PUBLIC.POSITIONS (ID, X, Y, TILE_ID) VALUES (121, 14, 1, 120);
-- INSERT INTO PUBLIC.POSITIONS (ID, X, Y, TILE_ID) VALUES (123, 10, 2, 122);
-- INSERT INTO PUBLIC.POSITIONS (ID, X, Y, TILE_ID) VALUES (125, 11, 2, 124);
-- INSERT INTO PUBLIC.POSITIONS (ID, X, Y, TILE_ID) VALUES (127, 12, 2, 126);
-- INSERT INTO PUBLIC.POSITIONS (ID, X, Y, TILE_ID) VALUES (129, 13, 2, 128);
-- INSERT INTO PUBLIC.POSITIONS (ID, X, Y, TILE_ID) VALUES (131, 14, 2, 130);
-- INSERT INTO PUBLIC.POSITIONS (ID, X, Y, TILE_ID) VALUES (133, 10, 3, 132);
-- INSERT INTO PUBLIC.POSITIONS (ID, X, Y, TILE_ID) VALUES (135, 11, 3, 134);
-- INSERT INTO PUBLIC.POSITIONS (ID, X, Y, TILE_ID) VALUES (137, 12, 3, 136);
-- INSERT INTO PUBLIC.POSITIONS (ID, X, Y, TILE_ID) VALUES (139, 13, 3, 138);
-- INSERT INTO PUBLIC.POSITIONS (ID, X, Y, TILE_ID) VALUES (141, 14, 3, 140);
-- INSERT INTO PUBLIC.POSITIONS (ID, X, Y, TILE_ID) VALUES (143, 10, 4, 142);
-- INSERT INTO PUBLIC.POSITIONS (ID, X, Y, TILE_ID) VALUES (145, 11, 4, 144);
-- INSERT INTO PUBLIC.POSITIONS (ID, X, Y, TILE_ID) VALUES (147, 12, 4, 146);
-- INSERT INTO PUBLIC.POSITIONS (ID, X, Y, TILE_ID) VALUES (149, 13, 4, 148);
-- INSERT INTO PUBLIC.POSITIONS (ID, X, Y, TILE_ID) VALUES (151, 14, 4, 150);
-- INSERT INTO PUBLIC.POSITIONS (ID, X, Y, TILE_ID) VALUES (153, 0, 5, 152);
-- INSERT INTO PUBLIC.POSITIONS (ID, X, Y, TILE_ID) VALUES (155, 1, 5, 154);
-- INSERT INTO PUBLIC.POSITIONS (ID, X, Y, TILE_ID) VALUES (157, 2, 5, 156);
-- INSERT INTO PUBLIC.POSITIONS (ID, X, Y, TILE_ID) VALUES (159, 3, 5, 158);
-- INSERT INTO PUBLIC.POSITIONS (ID, X, Y, TILE_ID) VALUES (161, 4, 5, 160);
-- INSERT INTO PUBLIC.POSITIONS (ID, X, Y, TILE_ID) VALUES (163, 0, 6, 162);
-- INSERT INTO PUBLIC.POSITIONS (ID, X, Y, TILE_ID) VALUES (165, 1, 6, 164);
-- INSERT INTO PUBLIC.POSITIONS (ID, X, Y, TILE_ID) VALUES (167, 2, 6, 166);
-- INSERT INTO PUBLIC.POSITIONS (ID, X, Y, TILE_ID) VALUES (169, 3, 6, 168);
-- INSERT INTO PUBLIC.POSITIONS (ID, X, Y, TILE_ID) VALUES (171, 4, 6, 170);
-- INSERT INTO PUBLIC.POSITIONS (ID, X, Y, TILE_ID) VALUES (173, 0, 7, 172);
-- INSERT INTO PUBLIC.POSITIONS (ID, X, Y, TILE_ID) VALUES (175, 1, 7, 174);
-- INSERT INTO PUBLIC.POSITIONS (ID, X, Y, TILE_ID) VALUES (177, 2, 7, 176);
-- INSERT INTO PUBLIC.POSITIONS (ID, X, Y, TILE_ID) VALUES (179, 3, 7, 178);
-- INSERT INTO PUBLIC.POSITIONS (ID, X, Y, TILE_ID) VALUES (181, 4, 7, 180);
-- INSERT INTO PUBLIC.POSITIONS (ID, X, Y, TILE_ID) VALUES (183, 0, 8, 182);
-- INSERT INTO PUBLIC.POSITIONS (ID, X, Y, TILE_ID) VALUES (185, 1, 8, 184);
-- INSERT INTO PUBLIC.POSITIONS (ID, X, Y, TILE_ID) VALUES (187, 2, 8, 186);
-- INSERT INTO PUBLIC.POSITIONS (ID, X, Y, TILE_ID) VALUES (189, 3, 8, 188);
-- INSERT INTO PUBLIC.POSITIONS (ID, X, Y, TILE_ID) VALUES (191, 4, 8, 190);
-- INSERT INTO PUBLIC.POSITIONS (ID, X, Y, TILE_ID) VALUES (193, 0, 9, 192);
-- INSERT INTO PUBLIC.POSITIONS (ID, X, Y, TILE_ID) VALUES (195, 1, 9, 194);
-- INSERT INTO PUBLIC.POSITIONS (ID, X, Y, TILE_ID) VALUES (197, 2, 9, 196);
-- INSERT INTO PUBLIC.POSITIONS (ID, X, Y, TILE_ID) VALUES (199, 3, 9, 198);
-- INSERT INTO PUBLIC.POSITIONS (ID, X, Y, TILE_ID) VALUES (201, 4, 9, 200);
-- INSERT INTO PUBLIC.POSITIONS (ID, X, Y, TILE_ID) VALUES (203, 5, 5, 202);
-- INSERT INTO PUBLIC.POSITIONS (ID, X, Y, TILE_ID) VALUES (205, 6, 5, 204);
-- INSERT INTO PUBLIC.POSITIONS (ID, X, Y, TILE_ID) VALUES (207, 7, 5, 206);
-- INSERT INTO PUBLIC.POSITIONS (ID, X, Y, TILE_ID) VALUES (209, 8, 5, 208);
-- INSERT INTO PUBLIC.POSITIONS (ID, X, Y, TILE_ID) VALUES (211, 9, 5, 210);
-- INSERT INTO PUBLIC.POSITIONS (ID, X, Y, TILE_ID) VALUES (213, 5, 6, 212);
-- INSERT INTO PUBLIC.POSITIONS (ID, X, Y, TILE_ID) VALUES (215, 6, 6, 214);
-- INSERT INTO PUBLIC.POSITIONS (ID, X, Y, TILE_ID) VALUES (217, 7, 6, 216);
-- INSERT INTO PUBLIC.POSITIONS (ID, X, Y, TILE_ID) VALUES (219, 8, 6, 218);
-- INSERT INTO PUBLIC.POSITIONS (ID, X, Y, TILE_ID) VALUES (221, 9, 6, 220);
-- INSERT INTO PUBLIC.POSITIONS (ID, X, Y, TILE_ID) VALUES (223, 5, 7, 222);
-- INSERT INTO PUBLIC.POSITIONS (ID, X, Y, TILE_ID) VALUES (225, 6, 7, 224);
-- INSERT INTO PUBLIC.POSITIONS (ID, X, Y, TILE_ID) VALUES (227, 7, 7, 226);
-- INSERT INTO PUBLIC.POSITIONS (ID, X, Y, TILE_ID) VALUES (229, 8, 7, 228);
-- INSERT INTO PUBLIC.POSITIONS (ID, X, Y, TILE_ID) VALUES (231, 9, 7, 230);
-- INSERT INTO PUBLIC.POSITIONS (ID, X, Y, TILE_ID) VALUES (233, 5, 8, 232);
-- INSERT INTO PUBLIC.POSITIONS (ID, X, Y, TILE_ID) VALUES (235, 6, 8, 234);
-- INSERT INTO PUBLIC.POSITIONS (ID, X, Y, TILE_ID) VALUES (237, 7, 8, 236);
-- INSERT INTO PUBLIC.POSITIONS (ID, X, Y, TILE_ID) VALUES (239, 8, 8, 238);
-- INSERT INTO PUBLIC.POSITIONS (ID, X, Y, TILE_ID) VALUES (241, 9, 8, 240);
-- INSERT INTO PUBLIC.POSITIONS (ID, X, Y, TILE_ID) VALUES (243, 5, 9, 242);
-- INSERT INTO PUBLIC.POSITIONS (ID, X, Y, TILE_ID) VALUES (245, 6, 9, 244);
-- INSERT INTO PUBLIC.POSITIONS (ID, X, Y, TILE_ID) VALUES (247, 7, 9, 246);
-- INSERT INTO PUBLIC.POSITIONS (ID, X, Y, TILE_ID) VALUES (249, 8, 9, 248);
-- INSERT INTO PUBLIC.POSITIONS (ID, X, Y, TILE_ID) VALUES (251, 9, 9, 250);
-- INSERT INTO PUBLIC.POSITIONS (ID, X, Y, TILE_ID) VALUES (253, 10, 5, 252);
-- INSERT INTO PUBLIC.POSITIONS (ID, X, Y, TILE_ID) VALUES (255, 11, 5, 254);
-- INSERT INTO PUBLIC.POSITIONS (ID, X, Y, TILE_ID) VALUES (257, 12, 5, 256);
-- INSERT INTO PUBLIC.POSITIONS (ID, X, Y, TILE_ID) VALUES (259, 13, 5, 258);
-- INSERT INTO PUBLIC.POSITIONS (ID, X, Y, TILE_ID) VALUES (261, 14, 5, 260);
-- INSERT INTO PUBLIC.POSITIONS (ID, X, Y, TILE_ID) VALUES (263, 10, 6, 262);
-- INSERT INTO PUBLIC.POSITIONS (ID, X, Y, TILE_ID) VALUES (265, 11, 6, 264);
-- INSERT INTO PUBLIC.POSITIONS (ID, X, Y, TILE_ID) VALUES (267, 12, 6, 266);
-- INSERT INTO PUBLIC.POSITIONS (ID, X, Y, TILE_ID) VALUES (269, 13, 6, 268);
-- INSERT INTO PUBLIC.POSITIONS (ID, X, Y, TILE_ID) VALUES (271, 14, 6, 270);
-- INSERT INTO PUBLIC.POSITIONS (ID, X, Y, TILE_ID) VALUES (273, 10, 7, 272);
-- INSERT INTO PUBLIC.POSITIONS (ID, X, Y, TILE_ID) VALUES (275, 11, 7, 274);
-- INSERT INTO PUBLIC.POSITIONS (ID, X, Y, TILE_ID) VALUES (277, 12, 7, 276);
-- INSERT INTO PUBLIC.POSITIONS (ID, X, Y, TILE_ID) VALUES (279, 13, 7, 278);
-- INSERT INTO PUBLIC.POSITIONS (ID, X, Y, TILE_ID) VALUES (281, 14, 7, 280);
-- INSERT INTO PUBLIC.POSITIONS (ID, X, Y, TILE_ID) VALUES (283, 10, 8, 282);
-- INSERT INTO PUBLIC.POSITIONS (ID, X, Y, TILE_ID) VALUES (285, 11, 8, 284);
-- INSERT INTO PUBLIC.POSITIONS (ID, X, Y, TILE_ID) VALUES (287, 12, 8, 286);
-- INSERT INTO PUBLIC.POSITIONS (ID, X, Y, TILE_ID) VALUES (289, 13, 8, 288);
-- INSERT INTO PUBLIC.POSITIONS (ID, X, Y, TILE_ID) VALUES (291, 14, 8, 290);
-- INSERT INTO PUBLIC.POSITIONS (ID, X, Y, TILE_ID) VALUES (293, 10, 9, 292);
-- INSERT INTO PUBLIC.POSITIONS (ID, X, Y, TILE_ID) VALUES (295, 11, 9, 294);
-- INSERT INTO PUBLIC.POSITIONS (ID, X, Y, TILE_ID) VALUES (297, 12, 9, 296);
-- INSERT INTO PUBLIC.POSITIONS (ID, X, Y, TILE_ID) VALUES (299, 13, 9, 298);
-- INSERT INTO PUBLIC.POSITIONS (ID, X, Y, TILE_ID) VALUES (301, 14, 9, 300);
-- INSERT INTO PUBLIC.POSITIONS (ID, X, Y, TILE_ID) VALUES (303, 0, 10, 302);
-- INSERT INTO PUBLIC.POSITIONS (ID, X, Y, TILE_ID) VALUES (305, 1, 10, 304);
-- INSERT INTO PUBLIC.POSITIONS (ID, X, Y, TILE_ID) VALUES (307, 2, 10, 306);
-- INSERT INTO PUBLIC.POSITIONS (ID, X, Y, TILE_ID) VALUES (309, 3, 10, 308);
-- INSERT INTO PUBLIC.POSITIONS (ID, X, Y, TILE_ID) VALUES (311, 4, 10, 310);
-- INSERT INTO PUBLIC.POSITIONS (ID, X, Y, TILE_ID) VALUES (313, 0, 11, 312);
-- INSERT INTO PUBLIC.POSITIONS (ID, X, Y, TILE_ID) VALUES (315, 1, 11, 314);
-- INSERT INTO PUBLIC.POSITIONS (ID, X, Y, TILE_ID) VALUES (317, 2, 11, 316);
-- INSERT INTO PUBLIC.POSITIONS (ID, X, Y, TILE_ID) VALUES (319, 3, 11, 318);
-- INSERT INTO PUBLIC.POSITIONS (ID, X, Y, TILE_ID) VALUES (321, 4, 11, 320);
-- INSERT INTO PUBLIC.POSITIONS (ID, X, Y, TILE_ID) VALUES (323, 0, 12, 322);
-- INSERT INTO PUBLIC.POSITIONS (ID, X, Y, TILE_ID) VALUES (325, 1, 12, 324);
-- INSERT INTO PUBLIC.POSITIONS (ID, X, Y, TILE_ID) VALUES (327, 2, 12, 326);
-- INSERT INTO PUBLIC.POSITIONS (ID, X, Y, TILE_ID) VALUES (329, 3, 12, 328);
-- INSERT INTO PUBLIC.POSITIONS (ID, X, Y, TILE_ID) VALUES (331, 4, 12, 330);
-- INSERT INTO PUBLIC.POSITIONS (ID, X, Y, TILE_ID) VALUES (333, 0, 13, 332);
-- INSERT INTO PUBLIC.POSITIONS (ID, X, Y, TILE_ID) VALUES (335, 1, 13, 334);
-- INSERT INTO PUBLIC.POSITIONS (ID, X, Y, TILE_ID) VALUES (337, 2, 13, 336);
-- INSERT INTO PUBLIC.POSITIONS (ID, X, Y, TILE_ID) VALUES (339, 3, 13, 338);
-- INSERT INTO PUBLIC.POSITIONS (ID, X, Y, TILE_ID) VALUES (341, 4, 13, 340);
-- INSERT INTO PUBLIC.POSITIONS (ID, X, Y, TILE_ID) VALUES (343, 0, 14, 342);
-- INSERT INTO PUBLIC.POSITIONS (ID, X, Y, TILE_ID) VALUES (345, 1, 14, 344);
-- INSERT INTO PUBLIC.POSITIONS (ID, X, Y, TILE_ID) VALUES (347, 2, 14, 346);
-- INSERT INTO PUBLIC.POSITIONS (ID, X, Y, TILE_ID) VALUES (349, 3, 14, 348);
-- INSERT INTO PUBLIC.POSITIONS (ID, X, Y, TILE_ID) VALUES (351, 4, 14, 350);
-- INSERT INTO PUBLIC.POSITIONS (ID, X, Y, TILE_ID) VALUES (353, 5, 10, 352);
-- INSERT INTO PUBLIC.POSITIONS (ID, X, Y, TILE_ID) VALUES (355, 6, 10, 354);
-- INSERT INTO PUBLIC.POSITIONS (ID, X, Y, TILE_ID) VALUES (357, 7, 10, 356);
-- INSERT INTO PUBLIC.POSITIONS (ID, X, Y, TILE_ID) VALUES (359, 8, 10, 358);
-- INSERT INTO PUBLIC.POSITIONS (ID, X, Y, TILE_ID) VALUES (361, 9, 10, 360);
-- INSERT INTO PUBLIC.POSITIONS (ID, X, Y, TILE_ID) VALUES (363, 5, 11, 362);
-- INSERT INTO PUBLIC.POSITIONS (ID, X, Y, TILE_ID) VALUES (365, 6, 11, 364);
-- INSERT INTO PUBLIC.POSITIONS (ID, X, Y, TILE_ID) VALUES (367, 7, 11, 366);
-- INSERT INTO PUBLIC.POSITIONS (ID, X, Y, TILE_ID) VALUES (369, 8, 11, 368);
-- INSERT INTO PUBLIC.POSITIONS (ID, X, Y, TILE_ID) VALUES (371, 9, 11, 370);
-- INSERT INTO PUBLIC.POSITIONS (ID, X, Y, TILE_ID) VALUES (373, 5, 12, 372);
-- INSERT INTO PUBLIC.POSITIONS (ID, X, Y, TILE_ID) VALUES (375, 6, 12, 374);
-- INSERT INTO PUBLIC.POSITIONS (ID, X, Y, TILE_ID) VALUES (377, 7, 12, 376);
-- INSERT INTO PUBLIC.POSITIONS (ID, X, Y, TILE_ID) VALUES (379, 8, 12, 378);
-- INSERT INTO PUBLIC.POSITIONS (ID, X, Y, TILE_ID) VALUES (381, 9, 12, 380);
-- INSERT INTO PUBLIC.POSITIONS (ID, X, Y, TILE_ID) VALUES (383, 5, 13, 382);
-- INSERT INTO PUBLIC.POSITIONS (ID, X, Y, TILE_ID) VALUES (385, 6, 13, 384);
-- INSERT INTO PUBLIC.POSITIONS (ID, X, Y, TILE_ID) VALUES (387, 7, 13, 386);
-- INSERT INTO PUBLIC.POSITIONS (ID, X, Y, TILE_ID) VALUES (389, 8, 13, 388);
-- INSERT INTO PUBLIC.POSITIONS (ID, X, Y, TILE_ID) VALUES (391, 9, 13, 390);
-- INSERT INTO PUBLIC.POSITIONS (ID, X, Y, TILE_ID) VALUES (393, 5, 14, 392);
-- INSERT INTO PUBLIC.POSITIONS (ID, X, Y, TILE_ID) VALUES (395, 6, 14, 394);
-- INSERT INTO PUBLIC.POSITIONS (ID, X, Y, TILE_ID) VALUES (397, 7, 14, 396);
-- INSERT INTO PUBLIC.POSITIONS (ID, X, Y, TILE_ID) VALUES (399, 8, 14, 398);
-- INSERT INTO PUBLIC.POSITIONS (ID, X, Y, TILE_ID) VALUES (401, 9, 14, 400);
-- INSERT INTO PUBLIC.POSITIONS (ID, X, Y, TILE_ID) VALUES (403, 10, 10, 402);
-- INSERT INTO PUBLIC.POSITIONS (ID, X, Y, TILE_ID) VALUES (405, 11, 10, 404);
-- INSERT INTO PUBLIC.POSITIONS (ID, X, Y, TILE_ID) VALUES (407, 12, 10, 406);
-- INSERT INTO PUBLIC.POSITIONS (ID, X, Y, TILE_ID) VALUES (409, 13, 10, 408);
-- INSERT INTO PUBLIC.POSITIONS (ID, X, Y, TILE_ID) VALUES (411, 14, 10, 410);
-- INSERT INTO PUBLIC.POSITIONS (ID, X, Y, TILE_ID) VALUES (413, 10, 11, 412);
-- INSERT INTO PUBLIC.POSITIONS (ID, X, Y, TILE_ID) VALUES (415, 11, 11, 414);
-- INSERT INTO PUBLIC.POSITIONS (ID, X, Y, TILE_ID) VALUES (417, 12, 11, 416);
-- INSERT INTO PUBLIC.POSITIONS (ID, X, Y, TILE_ID) VALUES (419, 13, 11, 418);
-- INSERT INTO PUBLIC.POSITIONS (ID, X, Y, TILE_ID) VALUES (421, 14, 11, 420);
-- INSERT INTO PUBLIC.POSITIONS (ID, X, Y, TILE_ID) VALUES (423, 10, 12, 422);
-- INSERT INTO PUBLIC.POSITIONS (ID, X, Y, TILE_ID) VALUES (425, 11, 12, 424);
-- INSERT INTO PUBLIC.POSITIONS (ID, X, Y, TILE_ID) VALUES (427, 12, 12, 426);
-- INSERT INTO PUBLIC.POSITIONS (ID, X, Y, TILE_ID) VALUES (429, 13, 12, 428);
-- INSERT INTO PUBLIC.POSITIONS (ID, X, Y, TILE_ID) VALUES (431, 14, 12, 430);
-- INSERT INTO PUBLIC.POSITIONS (ID, X, Y, TILE_ID) VALUES (433, 10, 13, 432);
-- INSERT INTO PUBLIC.POSITIONS (ID, X, Y, TILE_ID) VALUES (435, 11, 13, 434);
-- INSERT INTO PUBLIC.POSITIONS (ID, X, Y, TILE_ID) VALUES (437, 12, 13, 436);
-- INSERT INTO PUBLIC.POSITIONS (ID, X, Y, TILE_ID) VALUES (439, 13, 13, 438);
-- INSERT INTO PUBLIC.POSITIONS (ID, X, Y, TILE_ID) VALUES (441, 14, 13, 440);
-- INSERT INTO PUBLIC.POSITIONS (ID, X, Y, TILE_ID) VALUES (443, 10, 14, 442);
-- INSERT INTO PUBLIC.POSITIONS (ID, X, Y, TILE_ID) VALUES (445, 11, 14, 444);
-- INSERT INTO PUBLIC.POSITIONS (ID, X, Y, TILE_ID) VALUES (447, 12, 14, 446);
-- INSERT INTO PUBLIC.POSITIONS (ID, X, Y, TILE_ID) VALUES (449, 13, 14, 448);
-- INSERT INTO PUBLIC.POSITIONS (ID, X, Y, TILE_ID) VALUES (451, 14, 14, 450);
-- INSERT INTO PUBLIC.POSITIONS (ID, X, Y, TILE_ID) VALUES (454, 0, 0, 453);
-- INSERT INTO PUBLIC.POSITIONS (ID, X, Y, TILE_ID) VALUES (456, 1, 0, 455);
-- INSERT INTO PUBLIC.POSITIONS (ID, X, Y, TILE_ID) VALUES (458, 2, 0, 457);
-- INSERT INTO PUBLIC.POSITIONS (ID, X, Y, TILE_ID) VALUES (460, 3, 0, 459);
-- INSERT INTO PUBLIC.POSITIONS (ID, X, Y, TILE_ID) VALUES (462, 4, 0, 461);
-- INSERT INTO PUBLIC.POSITIONS (ID, X, Y, TILE_ID) VALUES (464, 0, 1, 463);
-- INSERT INTO PUBLIC.POSITIONS (ID, X, Y, TILE_ID) VALUES (466, 1, 1, 465);
-- INSERT INTO PUBLIC.POSITIONS (ID, X, Y, TILE_ID) VALUES (468, 2, 1, 467);
-- INSERT INTO PUBLIC.POSITIONS (ID, X, Y, TILE_ID) VALUES (470, 3, 1, 469);
-- INSERT INTO PUBLIC.POSITIONS (ID, X, Y, TILE_ID) VALUES (472, 4, 1, 471);
-- INSERT INTO PUBLIC.POSITIONS (ID, X, Y, TILE_ID) VALUES (474, 0, 2, 473);
-- INSERT INTO PUBLIC.POSITIONS (ID, X, Y, TILE_ID) VALUES (476, 1, 2, 475);
-- INSERT INTO PUBLIC.POSITIONS (ID, X, Y, TILE_ID) VALUES (478, 2, 2, 477);
-- INSERT INTO PUBLIC.POSITIONS (ID, X, Y, TILE_ID) VALUES (480, 3, 2, 479);
-- INSERT INTO PUBLIC.POSITIONS (ID, X, Y, TILE_ID) VALUES (482, 4, 2, 481);
-- INSERT INTO PUBLIC.POSITIONS (ID, X, Y, TILE_ID) VALUES (484, 0, 3, 483);
-- INSERT INTO PUBLIC.POSITIONS (ID, X, Y, TILE_ID) VALUES (486, 1, 3, 485);
-- INSERT INTO PUBLIC.POSITIONS (ID, X, Y, TILE_ID) VALUES (488, 2, 3, 487);
-- INSERT INTO PUBLIC.POSITIONS (ID, X, Y, TILE_ID) VALUES (490, 3, 3, 489);
-- INSERT INTO PUBLIC.POSITIONS (ID, X, Y, TILE_ID) VALUES (492, 4, 3, 491);
-- INSERT INTO PUBLIC.POSITIONS (ID, X, Y, TILE_ID) VALUES (494, 0, 4, 493);
-- INSERT INTO PUBLIC.POSITIONS (ID, X, Y, TILE_ID) VALUES (496, 1, 4, 495);
-- INSERT INTO PUBLIC.POSITIONS (ID, X, Y, TILE_ID) VALUES (498, 2, 4, 497);
-- INSERT INTO PUBLIC.POSITIONS (ID, X, Y, TILE_ID) VALUES (500, 3, 4, 499);
-- INSERT INTO PUBLIC.POSITIONS (ID, X, Y, TILE_ID) VALUES (502, 4, 4, 501);
-- INSERT INTO PUBLIC.POSITIONS (ID, X, Y, TILE_ID) VALUES (504, 5, 0, 503);
-- INSERT INTO PUBLIC.POSITIONS (ID, X, Y, TILE_ID) VALUES (506, 6, 0, 505);
-- INSERT INTO PUBLIC.POSITIONS (ID, X, Y, TILE_ID) VALUES (508, 7, 0, 507);
-- INSERT INTO PUBLIC.POSITIONS (ID, X, Y, TILE_ID) VALUES (510, 8, 0, 509);
-- INSERT INTO PUBLIC.POSITIONS (ID, X, Y, TILE_ID) VALUES (512, 9, 0, 511);
-- INSERT INTO PUBLIC.POSITIONS (ID, X, Y, TILE_ID) VALUES (514, 5, 1, 513);
-- INSERT INTO PUBLIC.POSITIONS (ID, X, Y, TILE_ID) VALUES (516, 6, 1, 515);
-- INSERT INTO PUBLIC.POSITIONS (ID, X, Y, TILE_ID) VALUES (518, 7, 1, 517);
-- INSERT INTO PUBLIC.POSITIONS (ID, X, Y, TILE_ID) VALUES (520, 8, 1, 519);
-- INSERT INTO PUBLIC.POSITIONS (ID, X, Y, TILE_ID) VALUES (522, 9, 1, 521);
-- INSERT INTO PUBLIC.POSITIONS (ID, X, Y, TILE_ID) VALUES (524, 5, 2, 523);
-- INSERT INTO PUBLIC.POSITIONS (ID, X, Y, TILE_ID) VALUES (526, 6, 2, 525);
-- INSERT INTO PUBLIC.POSITIONS (ID, X, Y, TILE_ID) VALUES (528, 7, 2, 527);
-- INSERT INTO PUBLIC.POSITIONS (ID, X, Y, TILE_ID) VALUES (530, 8, 2, 529);
-- INSERT INTO PUBLIC.POSITIONS (ID, X, Y, TILE_ID) VALUES (532, 9, 2, 531);
-- INSERT INTO PUBLIC.POSITIONS (ID, X, Y, TILE_ID) VALUES (534, 5, 3, 533);
-- INSERT INTO PUBLIC.POSITIONS (ID, X, Y, TILE_ID) VALUES (536, 6, 3, 535);
-- INSERT INTO PUBLIC.POSITIONS (ID, X, Y, TILE_ID) VALUES (538, 7, 3, 537);
-- INSERT INTO PUBLIC.POSITIONS (ID, X, Y, TILE_ID) VALUES (540, 8, 3, 539);
-- INSERT INTO PUBLIC.POSITIONS (ID, X, Y, TILE_ID) VALUES (542, 9, 3, 541);
-- INSERT INTO PUBLIC.POSITIONS (ID, X, Y, TILE_ID) VALUES (544, 5, 4, 543);
-- INSERT INTO PUBLIC.POSITIONS (ID, X, Y, TILE_ID) VALUES (546, 6, 4, 545);
-- INSERT INTO PUBLIC.POSITIONS (ID, X, Y, TILE_ID) VALUES (548, 7, 4, 547);
-- INSERT INTO PUBLIC.POSITIONS (ID, X, Y, TILE_ID) VALUES (550, 8, 4, 549);
-- INSERT INTO PUBLIC.POSITIONS (ID, X, Y, TILE_ID) VALUES (552, 9, 4, 551);
-- INSERT INTO PUBLIC.POSITIONS (ID, X, Y, TILE_ID) VALUES (554, 10, 0, 553);
-- INSERT INTO PUBLIC.POSITIONS (ID, X, Y, TILE_ID) VALUES (556, 11, 0, 555);
-- INSERT INTO PUBLIC.POSITIONS (ID, X, Y, TILE_ID) VALUES (558, 12, 0, 557);
-- INSERT INTO PUBLIC.POSITIONS (ID, X, Y, TILE_ID) VALUES (560, 13, 0, 559);
-- INSERT INTO PUBLIC.POSITIONS (ID, X, Y, TILE_ID) VALUES (562, 14, 0, 561);
-- INSERT INTO PUBLIC.POSITIONS (ID, X, Y, TILE_ID) VALUES (564, 10, 1, 563);
-- INSERT INTO PUBLIC.POSITIONS (ID, X, Y, TILE_ID) VALUES (566, 11, 1, 565);
-- INSERT INTO PUBLIC.POSITIONS (ID, X, Y, TILE_ID) VALUES (568, 12, 1, 567);
-- INSERT INTO PUBLIC.POSITIONS (ID, X, Y, TILE_ID) VALUES (570, 13, 1, 569);
-- INSERT INTO PUBLIC.POSITIONS (ID, X, Y, TILE_ID) VALUES (572, 14, 1, 571);
-- INSERT INTO PUBLIC.POSITIONS (ID, X, Y, TILE_ID) VALUES (574, 10, 2, 573);
-- INSERT INTO PUBLIC.POSITIONS (ID, X, Y, TILE_ID) VALUES (576, 11, 2, 575);
-- INSERT INTO PUBLIC.POSITIONS (ID, X, Y, TILE_ID) VALUES (578, 12, 2, 577);
-- INSERT INTO PUBLIC.POSITIONS (ID, X, Y, TILE_ID) VALUES (580, 13, 2, 579);
-- INSERT INTO PUBLIC.POSITIONS (ID, X, Y, TILE_ID) VALUES (582, 14, 2, 581);
-- INSERT INTO PUBLIC.POSITIONS (ID, X, Y, TILE_ID) VALUES (584, 10, 3, 583);
-- INSERT INTO PUBLIC.POSITIONS (ID, X, Y, TILE_ID) VALUES (586, 11, 3, 585);
-- INSERT INTO PUBLIC.POSITIONS (ID, X, Y, TILE_ID) VALUES (588, 12, 3, 587);
-- INSERT INTO PUBLIC.POSITIONS (ID, X, Y, TILE_ID) VALUES (590, 13, 3, 589);
-- INSERT INTO PUBLIC.POSITIONS (ID, X, Y, TILE_ID) VALUES (592, 14, 3, 591);
-- INSERT INTO PUBLIC.POSITIONS (ID, X, Y, TILE_ID) VALUES (594, 10, 4, 593);
-- INSERT INTO PUBLIC.POSITIONS (ID, X, Y, TILE_ID) VALUES (596, 11, 4, 595);
-- INSERT INTO PUBLIC.POSITIONS (ID, X, Y, TILE_ID) VALUES (598, 12, 4, 597);
-- INSERT INTO PUBLIC.POSITIONS (ID, X, Y, TILE_ID) VALUES (600, 13, 4, 599);
-- INSERT INTO PUBLIC.POSITIONS (ID, X, Y, TILE_ID) VALUES (602, 14, 4, 601);
-- INSERT INTO PUBLIC.POSITIONS (ID, X, Y, TILE_ID) VALUES (604, 0, 5, 603);
-- INSERT INTO PUBLIC.POSITIONS (ID, X, Y, TILE_ID) VALUES (606, 1, 5, 605);
-- INSERT INTO PUBLIC.POSITIONS (ID, X, Y, TILE_ID) VALUES (608, 2, 5, 607);
-- INSERT INTO PUBLIC.POSITIONS (ID, X, Y, TILE_ID) VALUES (610, 3, 5, 609);
-- INSERT INTO PUBLIC.POSITIONS (ID, X, Y, TILE_ID) VALUES (612, 4, 5, 611);
-- INSERT INTO PUBLIC.POSITIONS (ID, X, Y, TILE_ID) VALUES (614, 0, 6, 613);
-- INSERT INTO PUBLIC.POSITIONS (ID, X, Y, TILE_ID) VALUES (616, 1, 6, 615);
-- INSERT INTO PUBLIC.POSITIONS (ID, X, Y, TILE_ID) VALUES (618, 2, 6, 617);
-- INSERT INTO PUBLIC.POSITIONS (ID, X, Y, TILE_ID) VALUES (620, 3, 6, 619);
-- INSERT INTO PUBLIC.POSITIONS (ID, X, Y, TILE_ID) VALUES (622, 4, 6, 621);
-- INSERT INTO PUBLIC.POSITIONS (ID, X, Y, TILE_ID) VALUES (624, 0, 7, 623);
-- INSERT INTO PUBLIC.POSITIONS (ID, X, Y, TILE_ID) VALUES (626, 1, 7, 625);
-- INSERT INTO PUBLIC.POSITIONS (ID, X, Y, TILE_ID) VALUES (628, 2, 7, 627);
-- INSERT INTO PUBLIC.POSITIONS (ID, X, Y, TILE_ID) VALUES (630, 3, 7, 629);
-- INSERT INTO PUBLIC.POSITIONS (ID, X, Y, TILE_ID) VALUES (632, 4, 7, 631);
-- INSERT INTO PUBLIC.POSITIONS (ID, X, Y, TILE_ID) VALUES (634, 0, 8, 633);
-- INSERT INTO PUBLIC.POSITIONS (ID, X, Y, TILE_ID) VALUES (636, 1, 8, 635);
-- INSERT INTO PUBLIC.POSITIONS (ID, X, Y, TILE_ID) VALUES (638, 2, 8, 637);
-- INSERT INTO PUBLIC.POSITIONS (ID, X, Y, TILE_ID) VALUES (640, 3, 8, 639);
-- INSERT INTO PUBLIC.POSITIONS (ID, X, Y, TILE_ID) VALUES (642, 4, 8, 641);
-- INSERT INTO PUBLIC.POSITIONS (ID, X, Y, TILE_ID) VALUES (644, 0, 9, 643);
-- INSERT INTO PUBLIC.POSITIONS (ID, X, Y, TILE_ID) VALUES (646, 1, 9, 645);
-- INSERT INTO PUBLIC.POSITIONS (ID, X, Y, TILE_ID) VALUES (648, 2, 9, 647);
-- INSERT INTO PUBLIC.POSITIONS (ID, X, Y, TILE_ID) VALUES (650, 3, 9, 649);
-- INSERT INTO PUBLIC.POSITIONS (ID, X, Y, TILE_ID) VALUES (652, 4, 9, 651);
-- INSERT INTO PUBLIC.POSITIONS (ID, X, Y, TILE_ID) VALUES (654, 5, 5, 653);
-- INSERT INTO PUBLIC.POSITIONS (ID, X, Y, TILE_ID) VALUES (656, 6, 5, 655);
-- INSERT INTO PUBLIC.POSITIONS (ID, X, Y, TILE_ID) VALUES (658, 7, 5, 657);
-- INSERT INTO PUBLIC.POSITIONS (ID, X, Y, TILE_ID) VALUES (660, 8, 5, 659);
-- INSERT INTO PUBLIC.POSITIONS (ID, X, Y, TILE_ID) VALUES (662, 9, 5, 661);
-- INSERT INTO PUBLIC.POSITIONS (ID, X, Y, TILE_ID) VALUES (664, 5, 6, 663);
-- INSERT INTO PUBLIC.POSITIONS (ID, X, Y, TILE_ID) VALUES (666, 6, 6, 665);
-- INSERT INTO PUBLIC.POSITIONS (ID, X, Y, TILE_ID) VALUES (668, 7, 6, 667);
-- INSERT INTO PUBLIC.POSITIONS (ID, X, Y, TILE_ID) VALUES (670, 8, 6, 669);
-- INSERT INTO PUBLIC.POSITIONS (ID, X, Y, TILE_ID) VALUES (672, 9, 6, 671);
-- INSERT INTO PUBLIC.POSITIONS (ID, X, Y, TILE_ID) VALUES (674, 5, 7, 673);
-- INSERT INTO PUBLIC.POSITIONS (ID, X, Y, TILE_ID) VALUES (676, 6, 7, 675);
-- INSERT INTO PUBLIC.POSITIONS (ID, X, Y, TILE_ID) VALUES (678, 7, 7, 677);
-- INSERT INTO PUBLIC.POSITIONS (ID, X, Y, TILE_ID) VALUES (680, 8, 7, 679);
-- INSERT INTO PUBLIC.POSITIONS (ID, X, Y, TILE_ID) VALUES (682, 9, 7, 681);
-- INSERT INTO PUBLIC.POSITIONS (ID, X, Y, TILE_ID) VALUES (684, 5, 8, 683);
-- INSERT INTO PUBLIC.POSITIONS (ID, X, Y, TILE_ID) VALUES (686, 6, 8, 685);
-- INSERT INTO PUBLIC.POSITIONS (ID, X, Y, TILE_ID) VALUES (688, 7, 8, 687);
-- INSERT INTO PUBLIC.POSITIONS (ID, X, Y, TILE_ID) VALUES (690, 8, 8, 689);
-- INSERT INTO PUBLIC.POSITIONS (ID, X, Y, TILE_ID) VALUES (692, 9, 8, 691);
-- INSERT INTO PUBLIC.POSITIONS (ID, X, Y, TILE_ID) VALUES (694, 5, 9, 693);
-- INSERT INTO PUBLIC.POSITIONS (ID, X, Y, TILE_ID) VALUES (696, 6, 9, 695);
-- INSERT INTO PUBLIC.POSITIONS (ID, X, Y, TILE_ID) VALUES (698, 7, 9, 697);
-- INSERT INTO PUBLIC.POSITIONS (ID, X, Y, TILE_ID) VALUES (700, 8, 9, 699);
-- INSERT INTO PUBLIC.POSITIONS (ID, X, Y, TILE_ID) VALUES (702, 9, 9, 701);
-- INSERT INTO PUBLIC.POSITIONS (ID, X, Y, TILE_ID) VALUES (704, 10, 5, 703);
-- INSERT INTO PUBLIC.POSITIONS (ID, X, Y, TILE_ID) VALUES (706, 11, 5, 705);
-- INSERT INTO PUBLIC.POSITIONS (ID, X, Y, TILE_ID) VALUES (708, 12, 5, 707);
-- INSERT INTO PUBLIC.POSITIONS (ID, X, Y, TILE_ID) VALUES (710, 13, 5, 709);
-- INSERT INTO PUBLIC.POSITIONS (ID, X, Y, TILE_ID) VALUES (712, 14, 5, 711);
-- INSERT INTO PUBLIC.POSITIONS (ID, X, Y, TILE_ID) VALUES (714, 10, 6, 713);
-- INSERT INTO PUBLIC.POSITIONS (ID, X, Y, TILE_ID) VALUES (716, 11, 6, 715);
-- INSERT INTO PUBLIC.POSITIONS (ID, X, Y, TILE_ID) VALUES (718, 12, 6, 717);
-- INSERT INTO PUBLIC.POSITIONS (ID, X, Y, TILE_ID) VALUES (720, 13, 6, 719);
-- INSERT INTO PUBLIC.POSITIONS (ID, X, Y, TILE_ID) VALUES (722, 14, 6, 721);
-- INSERT INTO PUBLIC.POSITIONS (ID, X, Y, TILE_ID) VALUES (724, 10, 7, 723);
-- INSERT INTO PUBLIC.POSITIONS (ID, X, Y, TILE_ID) VALUES (726, 11, 7, 725);
-- INSERT INTO PUBLIC.POSITIONS (ID, X, Y, TILE_ID) VALUES (728, 12, 7, 727);
-- INSERT INTO PUBLIC.POSITIONS (ID, X, Y, TILE_ID) VALUES (730, 13, 7, 729);
-- INSERT INTO PUBLIC.POSITIONS (ID, X, Y, TILE_ID) VALUES (732, 14, 7, 731);
-- INSERT INTO PUBLIC.POSITIONS (ID, X, Y, TILE_ID) VALUES (734, 10, 8, 733);
-- INSERT INTO PUBLIC.POSITIONS (ID, X, Y, TILE_ID) VALUES (736, 11, 8, 735);
-- INSERT INTO PUBLIC.POSITIONS (ID, X, Y, TILE_ID) VALUES (738, 12, 8, 737);
-- INSERT INTO PUBLIC.POSITIONS (ID, X, Y, TILE_ID) VALUES (740, 13, 8, 739);
-- INSERT INTO PUBLIC.POSITIONS (ID, X, Y, TILE_ID) VALUES (742, 14, 8, 741);
-- INSERT INTO PUBLIC.POSITIONS (ID, X, Y, TILE_ID) VALUES (744, 10, 9, 743);
-- INSERT INTO PUBLIC.POSITIONS (ID, X, Y, TILE_ID) VALUES (746, 11, 9, 745);
-- INSERT INTO PUBLIC.POSITIONS (ID, X, Y, TILE_ID) VALUES (748, 12, 9, 747);
-- INSERT INTO PUBLIC.POSITIONS (ID, X, Y, TILE_ID) VALUES (750, 13, 9, 749);
-- INSERT INTO PUBLIC.POSITIONS (ID, X, Y, TILE_ID) VALUES (752, 14, 9, 751);
-- INSERT INTO PUBLIC.POSITIONS (ID, X, Y, TILE_ID) VALUES (754, 0, 10, 753);
-- INSERT INTO PUBLIC.POSITIONS (ID, X, Y, TILE_ID) VALUES (756, 1, 10, 755);
-- INSERT INTO PUBLIC.POSITIONS (ID, X, Y, TILE_ID) VALUES (758, 2, 10, 757);
-- INSERT INTO PUBLIC.POSITIONS (ID, X, Y, TILE_ID) VALUES (760, 3, 10, 759);
-- INSERT INTO PUBLIC.POSITIONS (ID, X, Y, TILE_ID) VALUES (762, 4, 10, 761);
-- INSERT INTO PUBLIC.POSITIONS (ID, X, Y, TILE_ID) VALUES (764, 0, 11, 763);
-- INSERT INTO PUBLIC.POSITIONS (ID, X, Y, TILE_ID) VALUES (766, 1, 11, 765);
-- INSERT INTO PUBLIC.POSITIONS (ID, X, Y, TILE_ID) VALUES (768, 2, 11, 767);
-- INSERT INTO PUBLIC.POSITIONS (ID, X, Y, TILE_ID) VALUES (770, 3, 11, 769);
-- INSERT INTO PUBLIC.POSITIONS (ID, X, Y, TILE_ID) VALUES (772, 4, 11, 771);
-- INSERT INTO PUBLIC.POSITIONS (ID, X, Y, TILE_ID) VALUES (774, 0, 12, 773);
-- INSERT INTO PUBLIC.POSITIONS (ID, X, Y, TILE_ID) VALUES (776, 1, 12, 775);
-- INSERT INTO PUBLIC.POSITIONS (ID, X, Y, TILE_ID) VALUES (778, 2, 12, 777);
-- INSERT INTO PUBLIC.POSITIONS (ID, X, Y, TILE_ID) VALUES (780, 3, 12, 779);
-- INSERT INTO PUBLIC.POSITIONS (ID, X, Y, TILE_ID) VALUES (782, 4, 12, 781);
-- INSERT INTO PUBLIC.POSITIONS (ID, X, Y, TILE_ID) VALUES (784, 0, 13, 783);
-- INSERT INTO PUBLIC.POSITIONS (ID, X, Y, TILE_ID) VALUES (786, 1, 13, 785);
-- INSERT INTO PUBLIC.POSITIONS (ID, X, Y, TILE_ID) VALUES (788, 2, 13, 787);
-- INSERT INTO PUBLIC.POSITIONS (ID, X, Y, TILE_ID) VALUES (790, 3, 13, 789);
-- INSERT INTO PUBLIC.POSITIONS (ID, X, Y, TILE_ID) VALUES (792, 4, 13, 791);
-- INSERT INTO PUBLIC.POSITIONS (ID, X, Y, TILE_ID) VALUES (794, 0, 14, 793);
-- INSERT INTO PUBLIC.POSITIONS (ID, X, Y, TILE_ID) VALUES (796, 1, 14, 795);
-- INSERT INTO PUBLIC.POSITIONS (ID, X, Y, TILE_ID) VALUES (798, 2, 14, 797);
-- INSERT INTO PUBLIC.POSITIONS (ID, X, Y, TILE_ID) VALUES (800, 3, 14, 799);
-- INSERT INTO PUBLIC.POSITIONS (ID, X, Y, TILE_ID) VALUES (802, 4, 14, 801);
-- INSERT INTO PUBLIC.POSITIONS (ID, X, Y, TILE_ID) VALUES (804, 5, 10, 803);
-- INSERT INTO PUBLIC.POSITIONS (ID, X, Y, TILE_ID) VALUES (806, 6, 10, 805);
-- INSERT INTO PUBLIC.POSITIONS (ID, X, Y, TILE_ID) VALUES (808, 7, 10, 807);
-- INSERT INTO PUBLIC.POSITIONS (ID, X, Y, TILE_ID) VALUES (810, 8, 10, 809);
-- INSERT INTO PUBLIC.POSITIONS (ID, X, Y, TILE_ID) VALUES (812, 9, 10, 811);
-- INSERT INTO PUBLIC.POSITIONS (ID, X, Y, TILE_ID) VALUES (814, 5, 11, 813);
-- INSERT INTO PUBLIC.POSITIONS (ID, X, Y, TILE_ID) VALUES (816, 6, 11, 815);
-- INSERT INTO PUBLIC.POSITIONS (ID, X, Y, TILE_ID) VALUES (818, 7, 11, 817);
-- INSERT INTO PUBLIC.POSITIONS (ID, X, Y, TILE_ID) VALUES (820, 8, 11, 819);
-- INSERT INTO PUBLIC.POSITIONS (ID, X, Y, TILE_ID) VALUES (822, 9, 11, 821);
-- INSERT INTO PUBLIC.POSITIONS (ID, X, Y, TILE_ID) VALUES (824, 5, 12, 823);
-- INSERT INTO PUBLIC.POSITIONS (ID, X, Y, TILE_ID) VALUES (826, 6, 12, 825);
-- INSERT INTO PUBLIC.POSITIONS (ID, X, Y, TILE_ID) VALUES (828, 7, 12, 827);
-- INSERT INTO PUBLIC.POSITIONS (ID, X, Y, TILE_ID) VALUES (830, 8, 12, 829);
-- INSERT INTO PUBLIC.POSITIONS (ID, X, Y, TILE_ID) VALUES (832, 9, 12, 831);
-- INSERT INTO PUBLIC.POSITIONS (ID, X, Y, TILE_ID) VALUES (834, 5, 13, 833);
-- INSERT INTO PUBLIC.POSITIONS (ID, X, Y, TILE_ID) VALUES (836, 6, 13, 835);
-- INSERT INTO PUBLIC.POSITIONS (ID, X, Y, TILE_ID) VALUES (838, 7, 13, 837);
-- INSERT INTO PUBLIC.POSITIONS (ID, X, Y, TILE_ID) VALUES (840, 8, 13, 839);
-- INSERT INTO PUBLIC.POSITIONS (ID, X, Y, TILE_ID) VALUES (842, 9, 13, 841);
-- INSERT INTO PUBLIC.POSITIONS (ID, X, Y, TILE_ID) VALUES (844, 5, 14, 843);
-- INSERT INTO PUBLIC.POSITIONS (ID, X, Y, TILE_ID) VALUES (846, 6, 14, 845);
-- INSERT INTO PUBLIC.POSITIONS (ID, X, Y, TILE_ID) VALUES (848, 7, 14, 847);
-- INSERT INTO PUBLIC.POSITIONS (ID, X, Y, TILE_ID) VALUES (850, 8, 14, 849);
-- INSERT INTO PUBLIC.POSITIONS (ID, X, Y, TILE_ID) VALUES (852, 9, 14, 851);
-- INSERT INTO PUBLIC.POSITIONS (ID, X, Y, TILE_ID) VALUES (854, 10, 10, 853);
-- INSERT INTO PUBLIC.POSITIONS (ID, X, Y, TILE_ID) VALUES (856, 11, 10, 855);
-- INSERT INTO PUBLIC.POSITIONS (ID, X, Y, TILE_ID) VALUES (858, 12, 10, 857);
-- INSERT INTO PUBLIC.POSITIONS (ID, X, Y, TILE_ID) VALUES (860, 13, 10, 859);
-- INSERT INTO PUBLIC.POSITIONS (ID, X, Y, TILE_ID) VALUES (862, 14, 10, 861);
-- INSERT INTO PUBLIC.POSITIONS (ID, X, Y, TILE_ID) VALUES (864, 10, 11, 863);
-- INSERT INTO PUBLIC.POSITIONS (ID, X, Y, TILE_ID) VALUES (866, 11, 11, 865);
-- INSERT INTO PUBLIC.POSITIONS (ID, X, Y, TILE_ID) VALUES (868, 12, 11, 867);
-- INSERT INTO PUBLIC.POSITIONS (ID, X, Y, TILE_ID) VALUES (870, 13, 11, 869);
-- INSERT INTO PUBLIC.POSITIONS (ID, X, Y, TILE_ID) VALUES (872, 14, 11, 871);
-- INSERT INTO PUBLIC.POSITIONS (ID, X, Y, TILE_ID) VALUES (874, 10, 12, 873);
-- INSERT INTO PUBLIC.POSITIONS (ID, X, Y, TILE_ID) VALUES (876, 11, 12, 875);
-- INSERT INTO PUBLIC.POSITIONS (ID, X, Y, TILE_ID) VALUES (878, 12, 12, 877);
-- INSERT INTO PUBLIC.POSITIONS (ID, X, Y, TILE_ID) VALUES (880, 13, 12, 879);
-- INSERT INTO PUBLIC.POSITIONS (ID, X, Y, TILE_ID) VALUES (882, 14, 12, 881);
-- INSERT INTO PUBLIC.POSITIONS (ID, X, Y, TILE_ID) VALUES (884, 10, 13, 883);
-- INSERT INTO PUBLIC.POSITIONS (ID, X, Y, TILE_ID) VALUES (886, 11, 13, 885);
-- INSERT INTO PUBLIC.POSITIONS (ID, X, Y, TILE_ID) VALUES (888, 12, 13, 887);
-- INSERT INTO PUBLIC.POSITIONS (ID, X, Y, TILE_ID) VALUES (890, 13, 13, 889);
-- INSERT INTO PUBLIC.POSITIONS (ID, X, Y, TILE_ID) VALUES (892, 14, 13, 891);
-- INSERT INTO PUBLIC.POSITIONS (ID, X, Y, TILE_ID) VALUES (894, 10, 14, 893);
-- INSERT INTO PUBLIC.POSITIONS (ID, X, Y, TILE_ID) VALUES (896, 11, 14, 895);
-- INSERT INTO PUBLIC.POSITIONS (ID, X, Y, TILE_ID) VALUES (898, 12, 14, 897);
-- INSERT INTO PUBLIC.POSITIONS (ID, X, Y, TILE_ID) VALUES (900, 13, 14, 899);
-- INSERT INTO PUBLIC.POSITIONS (ID, X, Y, TILE_ID) VALUES (902, 14, 14, 901);
--
-- INSERT INTO PUBLIC.TILES (ID, IS_PLAYER_STANDING_ON, IS_REACH_ABLE, TEXTURE_ID, TYPE, AREA_ID) VALUES (2, false, false, 1, 0, 1);
-- INSERT INTO PUBLIC.TILES (ID, IS_PLAYER_STANDING_ON, IS_REACH_ABLE, TEXTURE_ID, TYPE, AREA_ID) VALUES (4, false, false, 1, 0, 1);
-- INSERT INTO PUBLIC.TILES (ID, IS_PLAYER_STANDING_ON, IS_REACH_ABLE, TEXTURE_ID, TYPE, AREA_ID) VALUES (6, false, false, 1, 2, 1);
-- INSERT INTO PUBLIC.TILES (ID, IS_PLAYER_STANDING_ON, IS_REACH_ABLE, TEXTURE_ID, TYPE, AREA_ID) VALUES (8, false, false, 1, 1, 1);
-- INSERT INTO PUBLIC.TILES (ID, IS_PLAYER_STANDING_ON, IS_REACH_ABLE, TEXTURE_ID, TYPE, AREA_ID) VALUES (10, false, false, 1, 0, 1);
-- INSERT INTO PUBLIC.TILES (ID, IS_PLAYER_STANDING_ON, IS_REACH_ABLE, TEXTURE_ID, TYPE, AREA_ID) VALUES (12, false, false, 1, 1, 1);
-- INSERT INTO PUBLIC.TILES (ID, IS_PLAYER_STANDING_ON, IS_REACH_ABLE, TEXTURE_ID, TYPE, AREA_ID) VALUES (14, false, false, 1, 1, 1);
-- INSERT INTO PUBLIC.TILES (ID, IS_PLAYER_STANDING_ON, IS_REACH_ABLE, TEXTURE_ID, TYPE, AREA_ID) VALUES (16, false, false, 1, 1, 1);
-- INSERT INTO PUBLIC.TILES (ID, IS_PLAYER_STANDING_ON, IS_REACH_ABLE, TEXTURE_ID, TYPE, AREA_ID) VALUES (18, false, false, 1, 1, 1);
-- INSERT INTO PUBLIC.TILES (ID, IS_PLAYER_STANDING_ON, IS_REACH_ABLE, TEXTURE_ID, TYPE, AREA_ID) VALUES (20, false, false, 1, 1, 1);
-- INSERT INTO PUBLIC.TILES (ID, IS_PLAYER_STANDING_ON, IS_REACH_ABLE, TEXTURE_ID, TYPE, AREA_ID) VALUES (22, false, false, 1, 1, 1);
-- INSERT INTO PUBLIC.TILES (ID, IS_PLAYER_STANDING_ON, IS_REACH_ABLE, TEXTURE_ID, TYPE, AREA_ID) VALUES (24, false, false, 1, 0, 1);
-- INSERT INTO PUBLIC.TILES (ID, IS_PLAYER_STANDING_ON, IS_REACH_ABLE, TEXTURE_ID, TYPE, AREA_ID) VALUES (26, false, false, 1, 0, 1);
-- INSERT INTO PUBLIC.TILES (ID, IS_PLAYER_STANDING_ON, IS_REACH_ABLE, TEXTURE_ID, TYPE, AREA_ID) VALUES (28, false, false, 1, 0, 1);
-- INSERT INTO PUBLIC.TILES (ID, IS_PLAYER_STANDING_ON, IS_REACH_ABLE, TEXTURE_ID, TYPE, AREA_ID) VALUES (30, false, false, 1, 3, 1);
-- INSERT INTO PUBLIC.TILES (ID, IS_PLAYER_STANDING_ON, IS_REACH_ABLE, TEXTURE_ID, TYPE, AREA_ID) VALUES (32, false, false, 1, 1, 1);
-- INSERT INTO PUBLIC.TILES (ID, IS_PLAYER_STANDING_ON, IS_REACH_ABLE, TEXTURE_ID, TYPE, AREA_ID) VALUES (34, false, false, 1, 0, 1);
-- INSERT INTO PUBLIC.TILES (ID, IS_PLAYER_STANDING_ON, IS_REACH_ABLE, TEXTURE_ID, TYPE, AREA_ID) VALUES (36, false, false, 1, 0, 1);
-- INSERT INTO PUBLIC.TILES (ID, IS_PLAYER_STANDING_ON, IS_REACH_ABLE, TEXTURE_ID, TYPE, AREA_ID) VALUES (38, false, false, 1, 0, 1);
-- INSERT INTO PUBLIC.TILES (ID, IS_PLAYER_STANDING_ON, IS_REACH_ABLE, TEXTURE_ID, TYPE, AREA_ID) VALUES (40, false, false, 1, 1, 1);
-- INSERT INTO PUBLIC.TILES (ID, IS_PLAYER_STANDING_ON, IS_REACH_ABLE, TEXTURE_ID, TYPE, AREA_ID) VALUES (42, false, false, 1, 1, 1);
-- INSERT INTO PUBLIC.TILES (ID, IS_PLAYER_STANDING_ON, IS_REACH_ABLE, TEXTURE_ID, TYPE, AREA_ID) VALUES (44, false, false, 1, 1, 1);
-- INSERT INTO PUBLIC.TILES (ID, IS_PLAYER_STANDING_ON, IS_REACH_ABLE, TEXTURE_ID, TYPE, AREA_ID) VALUES (46, false, false, 1, 3, 1);
-- INSERT INTO PUBLIC.TILES (ID, IS_PLAYER_STANDING_ON, IS_REACH_ABLE, TEXTURE_ID, TYPE, AREA_ID) VALUES (48, false, false, 1, 1, 1);
-- INSERT INTO PUBLIC.TILES (ID, IS_PLAYER_STANDING_ON, IS_REACH_ABLE, TEXTURE_ID, TYPE, AREA_ID) VALUES (50, false, false, 1, 1, 1);
-- INSERT INTO PUBLIC.TILES (ID, IS_PLAYER_STANDING_ON, IS_REACH_ABLE, TEXTURE_ID, TYPE, AREA_ID) VALUES (52, false, false, 1, 0, 2);
-- INSERT INTO PUBLIC.TILES (ID, IS_PLAYER_STANDING_ON, IS_REACH_ABLE, TEXTURE_ID, TYPE, AREA_ID) VALUES (54, false, false, 1, 0, 2);
-- INSERT INTO PUBLIC.TILES (ID, IS_PLAYER_STANDING_ON, IS_REACH_ABLE, TEXTURE_ID, TYPE, AREA_ID) VALUES (56, false, false, 1, 1, 2);
-- INSERT INTO PUBLIC.TILES (ID, IS_PLAYER_STANDING_ON, IS_REACH_ABLE, TEXTURE_ID, TYPE, AREA_ID) VALUES (58, false, false, 1, 0, 2);
-- INSERT INTO PUBLIC.TILES (ID, IS_PLAYER_STANDING_ON, IS_REACH_ABLE, TEXTURE_ID, TYPE, AREA_ID) VALUES (60, false, false, 1, 0, 2);
-- INSERT INTO PUBLIC.TILES (ID, IS_PLAYER_STANDING_ON, IS_REACH_ABLE, TEXTURE_ID, TYPE, AREA_ID) VALUES (62, false, false, 1, 0, 2);
-- INSERT INTO PUBLIC.TILES (ID, IS_PLAYER_STANDING_ON, IS_REACH_ABLE, TEXTURE_ID, TYPE, AREA_ID) VALUES (64, false, false, 1, 1, 2);
-- INSERT INTO PUBLIC.TILES (ID, IS_PLAYER_STANDING_ON, IS_REACH_ABLE, TEXTURE_ID, TYPE, AREA_ID) VALUES (66, false, false, 1, 1, 2);
-- INSERT INTO PUBLIC.TILES (ID, IS_PLAYER_STANDING_ON, IS_REACH_ABLE, TEXTURE_ID, TYPE, AREA_ID) VALUES (68, false, false, 1, 1, 2);
-- INSERT INTO PUBLIC.TILES (ID, IS_PLAYER_STANDING_ON, IS_REACH_ABLE, TEXTURE_ID, TYPE, AREA_ID) VALUES (70, false, false, 1, 1, 2);
-- INSERT INTO PUBLIC.TILES (ID, IS_PLAYER_STANDING_ON, IS_REACH_ABLE, TEXTURE_ID, TYPE, AREA_ID) VALUES (72, false, false, 1, 3, 2);
-- INSERT INTO PUBLIC.TILES (ID, IS_PLAYER_STANDING_ON, IS_REACH_ABLE, TEXTURE_ID, TYPE, AREA_ID) VALUES (74, false, false, 1, 1, 2);
-- INSERT INTO PUBLIC.TILES (ID, IS_PLAYER_STANDING_ON, IS_REACH_ABLE, TEXTURE_ID, TYPE, AREA_ID) VALUES (76, false, false, 1, 0, 2);
-- INSERT INTO PUBLIC.TILES (ID, IS_PLAYER_STANDING_ON, IS_REACH_ABLE, TEXTURE_ID, TYPE, AREA_ID) VALUES (78, false, false, 1, 1, 2);
-- INSERT INTO PUBLIC.TILES (ID, IS_PLAYER_STANDING_ON, IS_REACH_ABLE, TEXTURE_ID, TYPE, AREA_ID) VALUES (80, false, false, 1, 3, 2);
-- INSERT INTO PUBLIC.TILES (ID, IS_PLAYER_STANDING_ON, IS_REACH_ABLE, TEXTURE_ID, TYPE, AREA_ID) VALUES (82, false, false, 1, 0, 2);
-- INSERT INTO PUBLIC.TILES (ID, IS_PLAYER_STANDING_ON, IS_REACH_ABLE, TEXTURE_ID, TYPE, AREA_ID) VALUES (84, false, false, 1, 1, 2);
-- INSERT INTO PUBLIC.TILES (ID, IS_PLAYER_STANDING_ON, IS_REACH_ABLE, TEXTURE_ID, TYPE, AREA_ID) VALUES (86, false, false, 1, 1, 2);
-- INSERT INTO PUBLIC.TILES (ID, IS_PLAYER_STANDING_ON, IS_REACH_ABLE, TEXTURE_ID, TYPE, AREA_ID) VALUES (88, false, false, 1, 1, 2);
-- INSERT INTO PUBLIC.TILES (ID, IS_PLAYER_STANDING_ON, IS_REACH_ABLE, TEXTURE_ID, TYPE, AREA_ID) VALUES (90, false, false, 1, 0, 2);
-- INSERT INTO PUBLIC.TILES (ID, IS_PLAYER_STANDING_ON, IS_REACH_ABLE, TEXTURE_ID, TYPE, AREA_ID) VALUES (92, false, false, 1, 0, 2);
-- INSERT INTO PUBLIC.TILES (ID, IS_PLAYER_STANDING_ON, IS_REACH_ABLE, TEXTURE_ID, TYPE, AREA_ID) VALUES (94, false, false, 1, 0, 2);
-- INSERT INTO PUBLIC.TILES (ID, IS_PLAYER_STANDING_ON, IS_REACH_ABLE, TEXTURE_ID, TYPE, AREA_ID) VALUES (96, false, false, 1, 3, 2);
-- INSERT INTO PUBLIC.TILES (ID, IS_PLAYER_STANDING_ON, IS_REACH_ABLE, TEXTURE_ID, TYPE, AREA_ID) VALUES (98, false, false, 1, 0, 2);
-- INSERT INTO PUBLIC.TILES (ID, IS_PLAYER_STANDING_ON, IS_REACH_ABLE, TEXTURE_ID, TYPE, AREA_ID) VALUES (100, false, false, 1, 0, 2);
-- INSERT INTO PUBLIC.TILES (ID, IS_PLAYER_STANDING_ON, IS_REACH_ABLE, TEXTURE_ID, TYPE, AREA_ID) VALUES (102, false, false, 1, 0, 3);
-- INSERT INTO PUBLIC.TILES (ID, IS_PLAYER_STANDING_ON, IS_REACH_ABLE, TEXTURE_ID, TYPE, AREA_ID) VALUES (104, false, false, 1, 0, 3);
-- INSERT INTO PUBLIC.TILES (ID, IS_PLAYER_STANDING_ON, IS_REACH_ABLE, TEXTURE_ID, TYPE, AREA_ID) VALUES (106, false, false, 1, 1, 3);
-- INSERT INTO PUBLIC.TILES (ID, IS_PLAYER_STANDING_ON, IS_REACH_ABLE, TEXTURE_ID, TYPE, AREA_ID) VALUES (108, false, false, 1, 0, 3);
-- INSERT INTO PUBLIC.TILES (ID, IS_PLAYER_STANDING_ON, IS_REACH_ABLE, TEXTURE_ID, TYPE, AREA_ID) VALUES (110, false, false, 1, 0, 3);
-- INSERT INTO PUBLIC.TILES (ID, IS_PLAYER_STANDING_ON, IS_REACH_ABLE, TEXTURE_ID, TYPE, AREA_ID) VALUES (112, false, false, 1, 0, 3);
-- INSERT INTO PUBLIC.TILES (ID, IS_PLAYER_STANDING_ON, IS_REACH_ABLE, TEXTURE_ID, TYPE, AREA_ID) VALUES (114, false, false, 1, 0, 3);
-- INSERT INTO PUBLIC.TILES (ID, IS_PLAYER_STANDING_ON, IS_REACH_ABLE, TEXTURE_ID, TYPE, AREA_ID) VALUES (116, false, false, 1, 1, 3);
-- INSERT INTO PUBLIC.TILES (ID, IS_PLAYER_STANDING_ON, IS_REACH_ABLE, TEXTURE_ID, TYPE, AREA_ID) VALUES (118, false, false, 1, 0, 3);
-- INSERT INTO PUBLIC.TILES (ID, IS_PLAYER_STANDING_ON, IS_REACH_ABLE, TEXTURE_ID, TYPE, AREA_ID) VALUES (120, false, false, 1, 0, 3);
-- INSERT INTO PUBLIC.TILES (ID, IS_PLAYER_STANDING_ON, IS_REACH_ABLE, TEXTURE_ID, TYPE, AREA_ID) VALUES (122, false, false, 1, 3, 3);
-- INSERT INTO PUBLIC.TILES (ID, IS_PLAYER_STANDING_ON, IS_REACH_ABLE, TEXTURE_ID, TYPE, AREA_ID) VALUES (124, false, false, 1, 1, 3);
-- INSERT INTO PUBLIC.TILES (ID, IS_PLAYER_STANDING_ON, IS_REACH_ABLE, TEXTURE_ID, TYPE, AREA_ID) VALUES (126, false, false, 1, 1, 3);
-- INSERT INTO PUBLIC.TILES (ID, IS_PLAYER_STANDING_ON, IS_REACH_ABLE, TEXTURE_ID, TYPE, AREA_ID) VALUES (128, false, false, 1, 1, 3);
-- INSERT INTO PUBLIC.TILES (ID, IS_PLAYER_STANDING_ON, IS_REACH_ABLE, TEXTURE_ID, TYPE, AREA_ID) VALUES (130, false, false, 1, 2, 3);
-- INSERT INTO PUBLIC.TILES (ID, IS_PLAYER_STANDING_ON, IS_REACH_ABLE, TEXTURE_ID, TYPE, AREA_ID) VALUES (132, false, false, 1, 0, 3);
-- INSERT INTO PUBLIC.TILES (ID, IS_PLAYER_STANDING_ON, IS_REACH_ABLE, TEXTURE_ID, TYPE, AREA_ID) VALUES (134, false, false, 1, 1, 3);
-- INSERT INTO PUBLIC.TILES (ID, IS_PLAYER_STANDING_ON, IS_REACH_ABLE, TEXTURE_ID, TYPE, AREA_ID) VALUES (136, false, false, 1, 1, 3);
-- INSERT INTO PUBLIC.TILES (ID, IS_PLAYER_STANDING_ON, IS_REACH_ABLE, TEXTURE_ID, TYPE, AREA_ID) VALUES (138, false, false, 1, 0, 3);
-- INSERT INTO PUBLIC.TILES (ID, IS_PLAYER_STANDING_ON, IS_REACH_ABLE, TEXTURE_ID, TYPE, AREA_ID) VALUES (140, false, false, 1, 0, 3);
-- INSERT INTO PUBLIC.TILES (ID, IS_PLAYER_STANDING_ON, IS_REACH_ABLE, TEXTURE_ID, TYPE, AREA_ID) VALUES (142, false, false, 1, 0, 3);
-- INSERT INTO PUBLIC.TILES (ID, IS_PLAYER_STANDING_ON, IS_REACH_ABLE, TEXTURE_ID, TYPE, AREA_ID) VALUES (144, false, false, 1, 0, 3);
-- INSERT INTO PUBLIC.TILES (ID, IS_PLAYER_STANDING_ON, IS_REACH_ABLE, TEXTURE_ID, TYPE, AREA_ID) VALUES (146, false, false, 1, 3, 3);
-- INSERT INTO PUBLIC.TILES (ID, IS_PLAYER_STANDING_ON, IS_REACH_ABLE, TEXTURE_ID, TYPE, AREA_ID) VALUES (148, false, false, 1, 0, 3);
-- INSERT INTO PUBLIC.TILES (ID, IS_PLAYER_STANDING_ON, IS_REACH_ABLE, TEXTURE_ID, TYPE, AREA_ID) VALUES (150, false, false, 1, 0, 3);
-- INSERT INTO PUBLIC.TILES (ID, IS_PLAYER_STANDING_ON, IS_REACH_ABLE, TEXTURE_ID, TYPE, AREA_ID) VALUES (152, false, false, 1, 1, 4);
-- INSERT INTO PUBLIC.TILES (ID, IS_PLAYER_STANDING_ON, IS_REACH_ABLE, TEXTURE_ID, TYPE, AREA_ID) VALUES (154, false, false, 1, 1, 4);
-- INSERT INTO PUBLIC.TILES (ID, IS_PLAYER_STANDING_ON, IS_REACH_ABLE, TEXTURE_ID, TYPE, AREA_ID) VALUES (156, false, false, 1, 3, 4);
-- INSERT INTO PUBLIC.TILES (ID, IS_PLAYER_STANDING_ON, IS_REACH_ABLE, TEXTURE_ID, TYPE, AREA_ID) VALUES (158, false, false, 1, 1, 4);
-- INSERT INTO PUBLIC.TILES (ID, IS_PLAYER_STANDING_ON, IS_REACH_ABLE, TEXTURE_ID, TYPE, AREA_ID) VALUES (160, false, false, 1, 1, 4);
-- INSERT INTO PUBLIC.TILES (ID, IS_PLAYER_STANDING_ON, IS_REACH_ABLE, TEXTURE_ID, TYPE, AREA_ID) VALUES (162, false, false, 1, 1, 4);
-- INSERT INTO PUBLIC.TILES (ID, IS_PLAYER_STANDING_ON, IS_REACH_ABLE, TEXTURE_ID, TYPE, AREA_ID) VALUES (164, false, false, 1, 0, 4);
-- INSERT INTO PUBLIC.TILES (ID, IS_PLAYER_STANDING_ON, IS_REACH_ABLE, TEXTURE_ID, TYPE, AREA_ID) VALUES (166, false, false, 1, 0, 4);
-- INSERT INTO PUBLIC.TILES (ID, IS_PLAYER_STANDING_ON, IS_REACH_ABLE, TEXTURE_ID, TYPE, AREA_ID) VALUES (168, false, false, 1, 0, 4);
-- INSERT INTO PUBLIC.TILES (ID, IS_PLAYER_STANDING_ON, IS_REACH_ABLE, TEXTURE_ID, TYPE, AREA_ID) VALUES (170, false, false, 1, 1, 4);
-- INSERT INTO PUBLIC.TILES (ID, IS_PLAYER_STANDING_ON, IS_REACH_ABLE, TEXTURE_ID, TYPE, AREA_ID) VALUES (172, false, false, 1, 1, 4);
-- INSERT INTO PUBLIC.TILES (ID, IS_PLAYER_STANDING_ON, IS_REACH_ABLE, TEXTURE_ID, TYPE, AREA_ID) VALUES (174, false, false, 1, 0, 4);
-- INSERT INTO PUBLIC.TILES (ID, IS_PLAYER_STANDING_ON, IS_REACH_ABLE, TEXTURE_ID, TYPE, AREA_ID) VALUES (176, false, false, 1, 0, 4);
-- INSERT INTO PUBLIC.TILES (ID, IS_PLAYER_STANDING_ON, IS_REACH_ABLE, TEXTURE_ID, TYPE, AREA_ID) VALUES (178, false, false, 1, 0, 4);
-- INSERT INTO PUBLIC.TILES (ID, IS_PLAYER_STANDING_ON, IS_REACH_ABLE, TEXTURE_ID, TYPE, AREA_ID) VALUES (180, false, false, 1, 3, 4);
-- INSERT INTO PUBLIC.TILES (ID, IS_PLAYER_STANDING_ON, IS_REACH_ABLE, TEXTURE_ID, TYPE, AREA_ID) VALUES (182, false, false, 1, 1, 4);
-- INSERT INTO PUBLIC.TILES (ID, IS_PLAYER_STANDING_ON, IS_REACH_ABLE, TEXTURE_ID, TYPE, AREA_ID) VALUES (184, false, false, 1, 1, 4);
-- INSERT INTO PUBLIC.TILES (ID, IS_PLAYER_STANDING_ON, IS_REACH_ABLE, TEXTURE_ID, TYPE, AREA_ID) VALUES (186, false, false, 1, 1, 4);
-- INSERT INTO PUBLIC.TILES (ID, IS_PLAYER_STANDING_ON, IS_REACH_ABLE, TEXTURE_ID, TYPE, AREA_ID) VALUES (188, false, false, 1, 1, 4);
-- INSERT INTO PUBLIC.TILES (ID, IS_PLAYER_STANDING_ON, IS_REACH_ABLE, TEXTURE_ID, TYPE, AREA_ID) VALUES (190, false, false, 1, 1, 4);
-- INSERT INTO PUBLIC.TILES (ID, IS_PLAYER_STANDING_ON, IS_REACH_ABLE, TEXTURE_ID, TYPE, AREA_ID) VALUES (192, false, false, 1, 0, 4);
-- INSERT INTO PUBLIC.TILES (ID, IS_PLAYER_STANDING_ON, IS_REACH_ABLE, TEXTURE_ID, TYPE, AREA_ID) VALUES (194, false, false, 1, 0, 4);
-- INSERT INTO PUBLIC.TILES (ID, IS_PLAYER_STANDING_ON, IS_REACH_ABLE, TEXTURE_ID, TYPE, AREA_ID) VALUES (196, false, false, 1, 3, 4);
-- INSERT INTO PUBLIC.TILES (ID, IS_PLAYER_STANDING_ON, IS_REACH_ABLE, TEXTURE_ID, TYPE, AREA_ID) VALUES (198, false, false, 1, 0, 4);
-- INSERT INTO PUBLIC.TILES (ID, IS_PLAYER_STANDING_ON, IS_REACH_ABLE, TEXTURE_ID, TYPE, AREA_ID) VALUES (200, false, false, 1, 0, 4);
-- INSERT INTO PUBLIC.TILES (ID, IS_PLAYER_STANDING_ON, IS_REACH_ABLE, TEXTURE_ID, TYPE, AREA_ID) VALUES (202, false, false, 1, 0, 5);
-- INSERT INTO PUBLIC.TILES (ID, IS_PLAYER_STANDING_ON, IS_REACH_ABLE, TEXTURE_ID, TYPE, AREA_ID) VALUES (204, false, false, 1, 0, 5);
-- INSERT INTO PUBLIC.TILES (ID, IS_PLAYER_STANDING_ON, IS_REACH_ABLE, TEXTURE_ID, TYPE, AREA_ID) VALUES (206, false, false, 1, 3, 5);
-- INSERT INTO PUBLIC.TILES (ID, IS_PLAYER_STANDING_ON, IS_REACH_ABLE, TEXTURE_ID, TYPE, AREA_ID) VALUES (208, false, false, 1, 0, 5);
-- INSERT INTO PUBLIC.TILES (ID, IS_PLAYER_STANDING_ON, IS_REACH_ABLE, TEXTURE_ID, TYPE, AREA_ID) VALUES (210, false, false, 1, 0, 5);
-- INSERT INTO PUBLIC.TILES (ID, IS_PLAYER_STANDING_ON, IS_REACH_ABLE, TEXTURE_ID, TYPE, AREA_ID) VALUES (212, false, false, 1, 0, 5);
-- INSERT INTO PUBLIC.TILES (ID, IS_PLAYER_STANDING_ON, IS_REACH_ABLE, TEXTURE_ID, TYPE, AREA_ID) VALUES (214, false, false, 1, 0, 5);
-- INSERT INTO PUBLIC.TILES (ID, IS_PLAYER_STANDING_ON, IS_REACH_ABLE, TEXTURE_ID, TYPE, AREA_ID) VALUES (216, false, false, 1, 1, 5);
-- INSERT INTO PUBLIC.TILES (ID, IS_PLAYER_STANDING_ON, IS_REACH_ABLE, TEXTURE_ID, TYPE, AREA_ID) VALUES (218, false, false, 1, 1, 5);
-- INSERT INTO PUBLIC.TILES (ID, IS_PLAYER_STANDING_ON, IS_REACH_ABLE, TEXTURE_ID, TYPE, AREA_ID) VALUES (220, false, false, 1, 0, 5);
-- INSERT INTO PUBLIC.TILES (ID, IS_PLAYER_STANDING_ON, IS_REACH_ABLE, TEXTURE_ID, TYPE, AREA_ID) VALUES (222, false, false, 1, 3, 5);
-- INSERT INTO PUBLIC.TILES (ID, IS_PLAYER_STANDING_ON, IS_REACH_ABLE, TEXTURE_ID, TYPE, AREA_ID) VALUES (224, false, false, 1, 1, 5);
-- INSERT INTO PUBLIC.TILES (ID, IS_PLAYER_STANDING_ON, IS_REACH_ABLE, TEXTURE_ID, TYPE, AREA_ID) VALUES (226, false, false, 1, 1, 5);
-- INSERT INTO PUBLIC.TILES (ID, IS_PLAYER_STANDING_ON, IS_REACH_ABLE, TEXTURE_ID, TYPE, AREA_ID) VALUES (228, false, false, 1, 1, 5);
-- INSERT INTO PUBLIC.TILES (ID, IS_PLAYER_STANDING_ON, IS_REACH_ABLE, TEXTURE_ID, TYPE, AREA_ID) VALUES (230, false, false, 1, 3, 5);
-- INSERT INTO PUBLIC.TILES (ID, IS_PLAYER_STANDING_ON, IS_REACH_ABLE, TEXTURE_ID, TYPE, AREA_ID) VALUES (232, false, false, 1, 0, 5);
-- INSERT INTO PUBLIC.TILES (ID, IS_PLAYER_STANDING_ON, IS_REACH_ABLE, TEXTURE_ID, TYPE, AREA_ID) VALUES (234, false, false, 1, 1, 5);
-- INSERT INTO PUBLIC.TILES (ID, IS_PLAYER_STANDING_ON, IS_REACH_ABLE, TEXTURE_ID, TYPE, AREA_ID) VALUES (236, false, false, 1, 1, 5);
-- INSERT INTO PUBLIC.TILES (ID, IS_PLAYER_STANDING_ON, IS_REACH_ABLE, TEXTURE_ID, TYPE, AREA_ID) VALUES (238, false, false, 1, 1, 5);
-- INSERT INTO PUBLIC.TILES (ID, IS_PLAYER_STANDING_ON, IS_REACH_ABLE, TEXTURE_ID, TYPE, AREA_ID) VALUES (240, false, false, 1, 0, 5);
-- INSERT INTO PUBLIC.TILES (ID, IS_PLAYER_STANDING_ON, IS_REACH_ABLE, TEXTURE_ID, TYPE, AREA_ID) VALUES (242, false, false, 1, 0, 5);
-- INSERT INTO PUBLIC.TILES (ID, IS_PLAYER_STANDING_ON, IS_REACH_ABLE, TEXTURE_ID, TYPE, AREA_ID) VALUES (244, false, false, 1, 1, 5);
-- INSERT INTO PUBLIC.TILES (ID, IS_PLAYER_STANDING_ON, IS_REACH_ABLE, TEXTURE_ID, TYPE, AREA_ID) VALUES (246, false, false, 1, 3, 5);
-- INSERT INTO PUBLIC.TILES (ID, IS_PLAYER_STANDING_ON, IS_REACH_ABLE, TEXTURE_ID, TYPE, AREA_ID) VALUES (248, false, false, 1, 0, 5);
-- INSERT INTO PUBLIC.TILES (ID, IS_PLAYER_STANDING_ON, IS_REACH_ABLE, TEXTURE_ID, TYPE, AREA_ID) VALUES (250, false, false, 1, 0, 5);
-- INSERT INTO PUBLIC.TILES (ID, IS_PLAYER_STANDING_ON, IS_REACH_ABLE, TEXTURE_ID, TYPE, AREA_ID) VALUES (252, false, false, 1, 0, 6);
-- INSERT INTO PUBLIC.TILES (ID, IS_PLAYER_STANDING_ON, IS_REACH_ABLE, TEXTURE_ID, TYPE, AREA_ID) VALUES (254, false, false, 1, 0, 6);
-- INSERT INTO PUBLIC.TILES (ID, IS_PLAYER_STANDING_ON, IS_REACH_ABLE, TEXTURE_ID, TYPE, AREA_ID) VALUES (256, false, false, 1, 3, 6);
-- INSERT INTO PUBLIC.TILES (ID, IS_PLAYER_STANDING_ON, IS_REACH_ABLE, TEXTURE_ID, TYPE, AREA_ID) VALUES (258, false, false, 1, 0, 6);
-- INSERT INTO PUBLIC.TILES (ID, IS_PLAYER_STANDING_ON, IS_REACH_ABLE, TEXTURE_ID, TYPE, AREA_ID) VALUES (260, false, false, 1, 0, 6);
-- INSERT INTO PUBLIC.TILES (ID, IS_PLAYER_STANDING_ON, IS_REACH_ABLE, TEXTURE_ID, TYPE, AREA_ID) VALUES (262, false, false, 1, 0, 6);
-- INSERT INTO PUBLIC.TILES (ID, IS_PLAYER_STANDING_ON, IS_REACH_ABLE, TEXTURE_ID, TYPE, AREA_ID) VALUES (264, false, false, 1, 0, 6);
-- INSERT INTO PUBLIC.TILES (ID, IS_PLAYER_STANDING_ON, IS_REACH_ABLE, TEXTURE_ID, TYPE, AREA_ID) VALUES (266, false, false, 1, 1, 6);
-- INSERT INTO PUBLIC.TILES (ID, IS_PLAYER_STANDING_ON, IS_REACH_ABLE, TEXTURE_ID, TYPE, AREA_ID) VALUES (268, false, false, 1, 0, 6);
-- INSERT INTO PUBLIC.TILES (ID, IS_PLAYER_STANDING_ON, IS_REACH_ABLE, TEXTURE_ID, TYPE, AREA_ID) VALUES (270, false, false, 1, 0, 6);
-- INSERT INTO PUBLIC.TILES (ID, IS_PLAYER_STANDING_ON, IS_REACH_ABLE, TEXTURE_ID, TYPE, AREA_ID) VALUES (272, false, false, 1, 3, 6);
-- INSERT INTO PUBLIC.TILES (ID, IS_PLAYER_STANDING_ON, IS_REACH_ABLE, TEXTURE_ID, TYPE, AREA_ID) VALUES (274, false, false, 1, 1, 6);
-- INSERT INTO PUBLIC.TILES (ID, IS_PLAYER_STANDING_ON, IS_REACH_ABLE, TEXTURE_ID, TYPE, AREA_ID) VALUES (276, false, false, 1, 1, 6);
-- INSERT INTO PUBLIC.TILES (ID, IS_PLAYER_STANDING_ON, IS_REACH_ABLE, TEXTURE_ID, TYPE, AREA_ID) VALUES (278, false, false, 1, 1, 6);
-- INSERT INTO PUBLIC.TILES (ID, IS_PLAYER_STANDING_ON, IS_REACH_ABLE, TEXTURE_ID, TYPE, AREA_ID) VALUES (280, false, false, 1, 1, 6);
-- INSERT INTO PUBLIC.TILES (ID, IS_PLAYER_STANDING_ON, IS_REACH_ABLE, TEXTURE_ID, TYPE, AREA_ID) VALUES (282, false, false, 1, 0, 6);
-- INSERT INTO PUBLIC.TILES (ID, IS_PLAYER_STANDING_ON, IS_REACH_ABLE, TEXTURE_ID, TYPE, AREA_ID) VALUES (284, false, false, 1, 1, 6);
-- INSERT INTO PUBLIC.TILES (ID, IS_PLAYER_STANDING_ON, IS_REACH_ABLE, TEXTURE_ID, TYPE, AREA_ID) VALUES (286, false, false, 1, 1, 6);
-- INSERT INTO PUBLIC.TILES (ID, IS_PLAYER_STANDING_ON, IS_REACH_ABLE, TEXTURE_ID, TYPE, AREA_ID) VALUES (288, false, false, 1, 1, 6);
-- INSERT INTO PUBLIC.TILES (ID, IS_PLAYER_STANDING_ON, IS_REACH_ABLE, TEXTURE_ID, TYPE, AREA_ID) VALUES (290, false, false, 1, 0, 6);
-- INSERT INTO PUBLIC.TILES (ID, IS_PLAYER_STANDING_ON, IS_REACH_ABLE, TEXTURE_ID, TYPE, AREA_ID) VALUES (292, false, false, 1, 0, 6);
-- INSERT INTO PUBLIC.TILES (ID, IS_PLAYER_STANDING_ON, IS_REACH_ABLE, TEXTURE_ID, TYPE, AREA_ID) VALUES (294, false, false, 1, 0, 6);
-- INSERT INTO PUBLIC.TILES (ID, IS_PLAYER_STANDING_ON, IS_REACH_ABLE, TEXTURE_ID, TYPE, AREA_ID) VALUES (296, false, false, 1, 3, 6);
-- INSERT INTO PUBLIC.TILES (ID, IS_PLAYER_STANDING_ON, IS_REACH_ABLE, TEXTURE_ID, TYPE, AREA_ID) VALUES (298, false, false, 1, 0, 6);
-- INSERT INTO PUBLIC.TILES (ID, IS_PLAYER_STANDING_ON, IS_REACH_ABLE, TEXTURE_ID, TYPE, AREA_ID) VALUES (300, false, false, 1, 0, 6);
-- INSERT INTO PUBLIC.TILES (ID, IS_PLAYER_STANDING_ON, IS_REACH_ABLE, TEXTURE_ID, TYPE, AREA_ID) VALUES (302, false, false, 1, 0, 7);
-- INSERT INTO PUBLIC.TILES (ID, IS_PLAYER_STANDING_ON, IS_REACH_ABLE, TEXTURE_ID, TYPE, AREA_ID) VALUES (304, false, false, 1, 1, 7);
-- INSERT INTO PUBLIC.TILES (ID, IS_PLAYER_STANDING_ON, IS_REACH_ABLE, TEXTURE_ID, TYPE, AREA_ID) VALUES (306, false, false, 1, 3, 7);
-- INSERT INTO PUBLIC.TILES (ID, IS_PLAYER_STANDING_ON, IS_REACH_ABLE, TEXTURE_ID, TYPE, AREA_ID) VALUES (308, false, false, 1, 1, 7);
-- INSERT INTO PUBLIC.TILES (ID, IS_PLAYER_STANDING_ON, IS_REACH_ABLE, TEXTURE_ID, TYPE, AREA_ID) VALUES (310, false, false, 1, 1, 7);
-- INSERT INTO PUBLIC.TILES (ID, IS_PLAYER_STANDING_ON, IS_REACH_ABLE, TEXTURE_ID, TYPE, AREA_ID) VALUES (312, false, false, 1, 1, 7);
-- INSERT INTO PUBLIC.TILES (ID, IS_PLAYER_STANDING_ON, IS_REACH_ABLE, TEXTURE_ID, TYPE, AREA_ID) VALUES (314, false, false, 1, 1, 7);
-- INSERT INTO PUBLIC.TILES (ID, IS_PLAYER_STANDING_ON, IS_REACH_ABLE, TEXTURE_ID, TYPE, AREA_ID) VALUES (316, false, false, 1, 0, 7);
-- INSERT INTO PUBLIC.TILES (ID, IS_PLAYER_STANDING_ON, IS_REACH_ABLE, TEXTURE_ID, TYPE, AREA_ID) VALUES (318, false, false, 1, 0, 7);
-- INSERT INTO PUBLIC.TILES (ID, IS_PLAYER_STANDING_ON, IS_REACH_ABLE, TEXTURE_ID, TYPE, AREA_ID) VALUES (320, false, false, 1, 1, 7);
-- INSERT INTO PUBLIC.TILES (ID, IS_PLAYER_STANDING_ON, IS_REACH_ABLE, TEXTURE_ID, TYPE, AREA_ID) VALUES (322, false, false, 1, 1, 7);
-- INSERT INTO PUBLIC.TILES (ID, IS_PLAYER_STANDING_ON, IS_REACH_ABLE, TEXTURE_ID, TYPE, AREA_ID) VALUES (324, false, false, 1, 1, 7);
-- INSERT INTO PUBLIC.TILES (ID, IS_PLAYER_STANDING_ON, IS_REACH_ABLE, TEXTURE_ID, TYPE, AREA_ID) VALUES (326, false, false, 1, 0, 7);
-- INSERT INTO PUBLIC.TILES (ID, IS_PLAYER_STANDING_ON, IS_REACH_ABLE, TEXTURE_ID, TYPE, AREA_ID) VALUES (328, false, false, 1, 0, 7);
-- INSERT INTO PUBLIC.TILES (ID, IS_PLAYER_STANDING_ON, IS_REACH_ABLE, TEXTURE_ID, TYPE, AREA_ID) VALUES (330, false, false, 1, 3, 7);
-- INSERT INTO PUBLIC.TILES (ID, IS_PLAYER_STANDING_ON, IS_REACH_ABLE, TEXTURE_ID, TYPE, AREA_ID) VALUES (332, false, false, 1, 0, 7);
-- INSERT INTO PUBLIC.TILES (ID, IS_PLAYER_STANDING_ON, IS_REACH_ABLE, TEXTURE_ID, TYPE, AREA_ID) VALUES (334, false, false, 1, 1, 7);
-- INSERT INTO PUBLIC.TILES (ID, IS_PLAYER_STANDING_ON, IS_REACH_ABLE, TEXTURE_ID, TYPE, AREA_ID) VALUES (336, false, false, 1, 0, 7);
-- INSERT INTO PUBLIC.TILES (ID, IS_PLAYER_STANDING_ON, IS_REACH_ABLE, TEXTURE_ID, TYPE, AREA_ID) VALUES (338, false, false, 1, 0, 7);
-- INSERT INTO PUBLIC.TILES (ID, IS_PLAYER_STANDING_ON, IS_REACH_ABLE, TEXTURE_ID, TYPE, AREA_ID) VALUES (340, false, false, 1, 1, 7);
-- INSERT INTO PUBLIC.TILES (ID, IS_PLAYER_STANDING_ON, IS_REACH_ABLE, TEXTURE_ID, TYPE, AREA_ID) VALUES (342, false, false, 1, 0, 7);
-- INSERT INTO PUBLIC.TILES (ID, IS_PLAYER_STANDING_ON, IS_REACH_ABLE, TEXTURE_ID, TYPE, AREA_ID) VALUES (344, false, false, 1, 1, 7);
-- INSERT INTO PUBLIC.TILES (ID, IS_PLAYER_STANDING_ON, IS_REACH_ABLE, TEXTURE_ID, TYPE, AREA_ID) VALUES (346, false, false, 1, 2, 7);
-- INSERT INTO PUBLIC.TILES (ID, IS_PLAYER_STANDING_ON, IS_REACH_ABLE, TEXTURE_ID, TYPE, AREA_ID) VALUES (348, false, false, 1, 1, 7);
-- INSERT INTO PUBLIC.TILES (ID, IS_PLAYER_STANDING_ON, IS_REACH_ABLE, TEXTURE_ID, TYPE, AREA_ID) VALUES (350, false, false, 1, 1, 7);
-- INSERT INTO PUBLIC.TILES (ID, IS_PLAYER_STANDING_ON, IS_REACH_ABLE, TEXTURE_ID, TYPE, AREA_ID) VALUES (352, false, false, 1, 0, 8);
-- INSERT INTO PUBLIC.TILES (ID, IS_PLAYER_STANDING_ON, IS_REACH_ABLE, TEXTURE_ID, TYPE, AREA_ID) VALUES (354, false, false, 1, 0, 8);
-- INSERT INTO PUBLIC.TILES (ID, IS_PLAYER_STANDING_ON, IS_REACH_ABLE, TEXTURE_ID, TYPE, AREA_ID) VALUES (356, false, false, 1, 3, 8);
-- INSERT INTO PUBLIC.TILES (ID, IS_PLAYER_STANDING_ON, IS_REACH_ABLE, TEXTURE_ID, TYPE, AREA_ID) VALUES (358, false, false, 1, 0, 8);
-- INSERT INTO PUBLIC.TILES (ID, IS_PLAYER_STANDING_ON, IS_REACH_ABLE, TEXTURE_ID, TYPE, AREA_ID) VALUES (360, false, false, 1, 0, 8);
-- INSERT INTO PUBLIC.TILES (ID, IS_PLAYER_STANDING_ON, IS_REACH_ABLE, TEXTURE_ID, TYPE, AREA_ID) VALUES (362, false, false, 1, 0, 8);
-- INSERT INTO PUBLIC.TILES (ID, IS_PLAYER_STANDING_ON, IS_REACH_ABLE, TEXTURE_ID, TYPE, AREA_ID) VALUES (364, false, false, 1, 1, 8);
-- INSERT INTO PUBLIC.TILES (ID, IS_PLAYER_STANDING_ON, IS_REACH_ABLE, TEXTURE_ID, TYPE, AREA_ID) VALUES (366, false, false, 1, 1, 8);
-- INSERT INTO PUBLIC.TILES (ID, IS_PLAYER_STANDING_ON, IS_REACH_ABLE, TEXTURE_ID, TYPE, AREA_ID) VALUES (368, false, false, 1, 1, 8);
-- INSERT INTO PUBLIC.TILES (ID, IS_PLAYER_STANDING_ON, IS_REACH_ABLE, TEXTURE_ID, TYPE, AREA_ID) VALUES (370, false, false, 1, 1, 8);
-- INSERT INTO PUBLIC.TILES (ID, IS_PLAYER_STANDING_ON, IS_REACH_ABLE, TEXTURE_ID, TYPE, AREA_ID) VALUES (372, false, false, 1, 3, 8);
-- INSERT INTO PUBLIC.TILES (ID, IS_PLAYER_STANDING_ON, IS_REACH_ABLE, TEXTURE_ID, TYPE, AREA_ID) VALUES (374, false, false, 1, 1, 8);
-- INSERT INTO PUBLIC.TILES (ID, IS_PLAYER_STANDING_ON, IS_REACH_ABLE, TEXTURE_ID, TYPE, AREA_ID) VALUES (376, false, false, 1, 0, 8);
-- INSERT INTO PUBLIC.TILES (ID, IS_PLAYER_STANDING_ON, IS_REACH_ABLE, TEXTURE_ID, TYPE, AREA_ID) VALUES (378, false, false, 1, 1, 8);
-- INSERT INTO PUBLIC.TILES (ID, IS_PLAYER_STANDING_ON, IS_REACH_ABLE, TEXTURE_ID, TYPE, AREA_ID) VALUES (380, false, false, 1, 3, 8);
-- INSERT INTO PUBLIC.TILES (ID, IS_PLAYER_STANDING_ON, IS_REACH_ABLE, TEXTURE_ID, TYPE, AREA_ID) VALUES (382, false, false, 1, 0, 8);
-- INSERT INTO PUBLIC.TILES (ID, IS_PLAYER_STANDING_ON, IS_REACH_ABLE, TEXTURE_ID, TYPE, AREA_ID) VALUES (384, false, false, 1, 1, 8);
-- INSERT INTO PUBLIC.TILES (ID, IS_PLAYER_STANDING_ON, IS_REACH_ABLE, TEXTURE_ID, TYPE, AREA_ID) VALUES (386, false, false, 1, 1, 8);
-- INSERT INTO PUBLIC.TILES (ID, IS_PLAYER_STANDING_ON, IS_REACH_ABLE, TEXTURE_ID, TYPE, AREA_ID) VALUES (388, false, false, 1, 1, 8);
-- INSERT INTO PUBLIC.TILES (ID, IS_PLAYER_STANDING_ON, IS_REACH_ABLE, TEXTURE_ID, TYPE, AREA_ID) VALUES (390, false, false, 1, 1, 8);
-- INSERT INTO PUBLIC.TILES (ID, IS_PLAYER_STANDING_ON, IS_REACH_ABLE, TEXTURE_ID, TYPE, AREA_ID) VALUES (392, false, false, 1, 0, 8);
-- INSERT INTO PUBLIC.TILES (ID, IS_PLAYER_STANDING_ON, IS_REACH_ABLE, TEXTURE_ID, TYPE, AREA_ID) VALUES (394, false, false, 1, 1, 8);
-- INSERT INTO PUBLIC.TILES (ID, IS_PLAYER_STANDING_ON, IS_REACH_ABLE, TEXTURE_ID, TYPE, AREA_ID) VALUES (396, false, false, 1, 1, 8);
-- INSERT INTO PUBLIC.TILES (ID, IS_PLAYER_STANDING_ON, IS_REACH_ABLE, TEXTURE_ID, TYPE, AREA_ID) VALUES (398, false, false, 1, 0, 8);
-- INSERT INTO PUBLIC.TILES (ID, IS_PLAYER_STANDING_ON, IS_REACH_ABLE, TEXTURE_ID, TYPE, AREA_ID) VALUES (400, false, false, 1, 0, 8);
-- INSERT INTO PUBLIC.TILES (ID, IS_PLAYER_STANDING_ON, IS_REACH_ABLE, TEXTURE_ID, TYPE, AREA_ID) VALUES (402, false, false, 1, 0, 9);
-- INSERT INTO PUBLIC.TILES (ID, IS_PLAYER_STANDING_ON, IS_REACH_ABLE, TEXTURE_ID, TYPE, AREA_ID) VALUES (404, false, false, 1, 1, 9);
-- INSERT INTO PUBLIC.TILES (ID, IS_PLAYER_STANDING_ON, IS_REACH_ABLE, TEXTURE_ID, TYPE, AREA_ID) VALUES (406, false, false, 1, 3, 9);
-- INSERT INTO PUBLIC.TILES (ID, IS_PLAYER_STANDING_ON, IS_REACH_ABLE, TEXTURE_ID, TYPE, AREA_ID) VALUES (408, false, false, 1, 0, 9);
-- INSERT INTO PUBLIC.TILES (ID, IS_PLAYER_STANDING_ON, IS_REACH_ABLE, TEXTURE_ID, TYPE, AREA_ID) VALUES (410, false, false, 1, 0, 9);
-- INSERT INTO PUBLIC.TILES (ID, IS_PLAYER_STANDING_ON, IS_REACH_ABLE, TEXTURE_ID, TYPE, AREA_ID) VALUES (412, false, false, 1, 0, 9);
-- INSERT INTO PUBLIC.TILES (ID, IS_PLAYER_STANDING_ON, IS_REACH_ABLE, TEXTURE_ID, TYPE, AREA_ID) VALUES (414, false, false, 1, 1, 9);
-- INSERT INTO PUBLIC.TILES (ID, IS_PLAYER_STANDING_ON, IS_REACH_ABLE, TEXTURE_ID, TYPE, AREA_ID) VALUES (416, false, false, 1, 1, 9);
-- INSERT INTO PUBLIC.TILES (ID, IS_PLAYER_STANDING_ON, IS_REACH_ABLE, TEXTURE_ID, TYPE, AREA_ID) VALUES (418, false, false, 1, 1, 9);
-- INSERT INTO PUBLIC.TILES (ID, IS_PLAYER_STANDING_ON, IS_REACH_ABLE, TEXTURE_ID, TYPE, AREA_ID) VALUES (420, false, false, 1, 0, 9);
-- INSERT INTO PUBLIC.TILES (ID, IS_PLAYER_STANDING_ON, IS_REACH_ABLE, TEXTURE_ID, TYPE, AREA_ID) VALUES (422, false, false, 1, 3, 9);
-- INSERT INTO PUBLIC.TILES (ID, IS_PLAYER_STANDING_ON, IS_REACH_ABLE, TEXTURE_ID, TYPE, AREA_ID) VALUES (424, false, false, 1, 1, 9);
-- INSERT INTO PUBLIC.TILES (ID, IS_PLAYER_STANDING_ON, IS_REACH_ABLE, TEXTURE_ID, TYPE, AREA_ID) VALUES (426, false, false, 1, 0, 9);
-- INSERT INTO PUBLIC.TILES (ID, IS_PLAYER_STANDING_ON, IS_REACH_ABLE, TEXTURE_ID, TYPE, AREA_ID) VALUES (428, false, false, 1, 1, 9);
-- INSERT INTO PUBLIC.TILES (ID, IS_PLAYER_STANDING_ON, IS_REACH_ABLE, TEXTURE_ID, TYPE, AREA_ID) VALUES (430, false, false, 1, 1, 9);
-- INSERT INTO PUBLIC.TILES (ID, IS_PLAYER_STANDING_ON, IS_REACH_ABLE, TEXTURE_ID, TYPE, AREA_ID) VALUES (432, false, false, 1, 1, 9);
-- INSERT INTO PUBLIC.TILES (ID, IS_PLAYER_STANDING_ON, IS_REACH_ABLE, TEXTURE_ID, TYPE, AREA_ID) VALUES (434, false, false, 1, 1, 9);
-- INSERT INTO PUBLIC.TILES (ID, IS_PLAYER_STANDING_ON, IS_REACH_ABLE, TEXTURE_ID, TYPE, AREA_ID) VALUES (436, false, false, 1, 1, 9);
-- INSERT INTO PUBLIC.TILES (ID, IS_PLAYER_STANDING_ON, IS_REACH_ABLE, TEXTURE_ID, TYPE, AREA_ID) VALUES (438, false, false, 1, 1, 9);
-- INSERT INTO PUBLIC.TILES (ID, IS_PLAYER_STANDING_ON, IS_REACH_ABLE, TEXTURE_ID, TYPE, AREA_ID) VALUES (440, false, false, 1, 1, 9);
-- INSERT INTO PUBLIC.TILES (ID, IS_PLAYER_STANDING_ON, IS_REACH_ABLE, TEXTURE_ID, TYPE, AREA_ID) VALUES (442, false, false, 1, 0, 9);
-- INSERT INTO PUBLIC.TILES (ID, IS_PLAYER_STANDING_ON, IS_REACH_ABLE, TEXTURE_ID, TYPE, AREA_ID) VALUES (444, false, false, 1, 0, 9);
-- INSERT INTO PUBLIC.TILES (ID, IS_PLAYER_STANDING_ON, IS_REACH_ABLE, TEXTURE_ID, TYPE, AREA_ID) VALUES (446, false, false, 1, 1, 9);
-- INSERT INTO PUBLIC.TILES (ID, IS_PLAYER_STANDING_ON, IS_REACH_ABLE, TEXTURE_ID, TYPE, AREA_ID) VALUES (448, false, false, 1, 0, 9);
-- INSERT INTO PUBLIC.TILES (ID, IS_PLAYER_STANDING_ON, IS_REACH_ABLE, TEXTURE_ID, TYPE, AREA_ID) VALUES (450, false, false, 1, 0, 9);
-- INSERT INTO PUBLIC.TILES (ID, IS_PLAYER_STANDING_ON, IS_REACH_ABLE, TEXTURE_ID, TYPE, AREA_ID) VALUES (453, false, false, 1, 0, 10);
-- INSERT INTO PUBLIC.TILES (ID, IS_PLAYER_STANDING_ON, IS_REACH_ABLE, TEXTURE_ID, TYPE, AREA_ID) VALUES (455, false, false, 1, 0, 10);
-- INSERT INTO PUBLIC.TILES (ID, IS_PLAYER_STANDING_ON, IS_REACH_ABLE, TEXTURE_ID, TYPE, AREA_ID) VALUES (457, false, false, 1, 2, 10);
-- INSERT INTO PUBLIC.TILES (ID, IS_PLAYER_STANDING_ON, IS_REACH_ABLE, TEXTURE_ID, TYPE, AREA_ID) VALUES (459, false, false, 1, 1, 10);
-- INSERT INTO PUBLIC.TILES (ID, IS_PLAYER_STANDING_ON, IS_REACH_ABLE, TEXTURE_ID, TYPE, AREA_ID) VALUES (461, false, false, 1, 0, 10);
-- INSERT INTO PUBLIC.TILES (ID, IS_PLAYER_STANDING_ON, IS_REACH_ABLE, TEXTURE_ID, TYPE, AREA_ID) VALUES (463, false, false, 1, 1, 10);
-- INSERT INTO PUBLIC.TILES (ID, IS_PLAYER_STANDING_ON, IS_REACH_ABLE, TEXTURE_ID, TYPE, AREA_ID) VALUES (465, false, false, 1, 1, 10);
-- INSERT INTO PUBLIC.TILES (ID, IS_PLAYER_STANDING_ON, IS_REACH_ABLE, TEXTURE_ID, TYPE, AREA_ID) VALUES (467, false, false, 1, 1, 10);
-- INSERT INTO PUBLIC.TILES (ID, IS_PLAYER_STANDING_ON, IS_REACH_ABLE, TEXTURE_ID, TYPE, AREA_ID) VALUES (469, false, false, 1, 1, 10);
-- INSERT INTO PUBLIC.TILES (ID, IS_PLAYER_STANDING_ON, IS_REACH_ABLE, TEXTURE_ID, TYPE, AREA_ID) VALUES (471, false, false, 1, 1, 10);
-- INSERT INTO PUBLIC.TILES (ID, IS_PLAYER_STANDING_ON, IS_REACH_ABLE, TEXTURE_ID, TYPE, AREA_ID) VALUES (473, false, false, 1, 1, 10);
-- INSERT INTO PUBLIC.TILES (ID, IS_PLAYER_STANDING_ON, IS_REACH_ABLE, TEXTURE_ID, TYPE, AREA_ID) VALUES (475, false, false, 1, 0, 10);
-- INSERT INTO PUBLIC.TILES (ID, IS_PLAYER_STANDING_ON, IS_REACH_ABLE, TEXTURE_ID, TYPE, AREA_ID) VALUES (477, false, false, 1, 0, 10);
-- INSERT INTO PUBLIC.TILES (ID, IS_PLAYER_STANDING_ON, IS_REACH_ABLE, TEXTURE_ID, TYPE, AREA_ID) VALUES (479, false, false, 1, 0, 10);
-- INSERT INTO PUBLIC.TILES (ID, IS_PLAYER_STANDING_ON, IS_REACH_ABLE, TEXTURE_ID, TYPE, AREA_ID) VALUES (481, false, false, 1, 3, 10);
-- INSERT INTO PUBLIC.TILES (ID, IS_PLAYER_STANDING_ON, IS_REACH_ABLE, TEXTURE_ID, TYPE, AREA_ID) VALUES (483, false, false, 1, 1, 10);
-- INSERT INTO PUBLIC.TILES (ID, IS_PLAYER_STANDING_ON, IS_REACH_ABLE, TEXTURE_ID, TYPE, AREA_ID) VALUES (485, false, false, 1, 0, 10);
-- INSERT INTO PUBLIC.TILES (ID, IS_PLAYER_STANDING_ON, IS_REACH_ABLE, TEXTURE_ID, TYPE, AREA_ID) VALUES (487, false, false, 1, 0, 10);
-- INSERT INTO PUBLIC.TILES (ID, IS_PLAYER_STANDING_ON, IS_REACH_ABLE, TEXTURE_ID, TYPE, AREA_ID) VALUES (489, false, false, 1, 0, 10);
-- INSERT INTO PUBLIC.TILES (ID, IS_PLAYER_STANDING_ON, IS_REACH_ABLE, TEXTURE_ID, TYPE, AREA_ID) VALUES (491, false, false, 1, 1, 10);
-- INSERT INTO PUBLIC.TILES (ID, IS_PLAYER_STANDING_ON, IS_REACH_ABLE, TEXTURE_ID, TYPE, AREA_ID) VALUES (493, false, false, 1, 1, 10);
-- INSERT INTO PUBLIC.TILES (ID, IS_PLAYER_STANDING_ON, IS_REACH_ABLE, TEXTURE_ID, TYPE, AREA_ID) VALUES (495, false, false, 1, 1, 10);
-- INSERT INTO PUBLIC.TILES (ID, IS_PLAYER_STANDING_ON, IS_REACH_ABLE, TEXTURE_ID, TYPE, AREA_ID) VALUES (497, false, false, 1, 3, 10);
-- INSERT INTO PUBLIC.TILES (ID, IS_PLAYER_STANDING_ON, IS_REACH_ABLE, TEXTURE_ID, TYPE, AREA_ID) VALUES (499, false, false, 1, 1, 10);
-- INSERT INTO PUBLIC.TILES (ID, IS_PLAYER_STANDING_ON, IS_REACH_ABLE, TEXTURE_ID, TYPE, AREA_ID) VALUES (501, false, false, 1, 1, 10);
-- INSERT INTO PUBLIC.TILES (ID, IS_PLAYER_STANDING_ON, IS_REACH_ABLE, TEXTURE_ID, TYPE, AREA_ID) VALUES (503, false, false, 1, 0, 11);
-- INSERT INTO PUBLIC.TILES (ID, IS_PLAYER_STANDING_ON, IS_REACH_ABLE, TEXTURE_ID, TYPE, AREA_ID) VALUES (505, false, false, 1, 0, 11);
-- INSERT INTO PUBLIC.TILES (ID, IS_PLAYER_STANDING_ON, IS_REACH_ABLE, TEXTURE_ID, TYPE, AREA_ID) VALUES (507, false, false, 1, 1, 11);
-- INSERT INTO PUBLIC.TILES (ID, IS_PLAYER_STANDING_ON, IS_REACH_ABLE, TEXTURE_ID, TYPE, AREA_ID) VALUES (509, false, false, 1, 0, 11);
-- INSERT INTO PUBLIC.TILES (ID, IS_PLAYER_STANDING_ON, IS_REACH_ABLE, TEXTURE_ID, TYPE, AREA_ID) VALUES (511, false, false, 1, 0, 11);
-- INSERT INTO PUBLIC.TILES (ID, IS_PLAYER_STANDING_ON, IS_REACH_ABLE, TEXTURE_ID, TYPE, AREA_ID) VALUES (513, false, false, 1, 0, 11);
-- INSERT INTO PUBLIC.TILES (ID, IS_PLAYER_STANDING_ON, IS_REACH_ABLE, TEXTURE_ID, TYPE, AREA_ID) VALUES (515, false, false, 1, 1, 11);
-- INSERT INTO PUBLIC.TILES (ID, IS_PLAYER_STANDING_ON, IS_REACH_ABLE, TEXTURE_ID, TYPE, AREA_ID) VALUES (517, false, false, 1, 1, 11);
-- INSERT INTO PUBLIC.TILES (ID, IS_PLAYER_STANDING_ON, IS_REACH_ABLE, TEXTURE_ID, TYPE, AREA_ID) VALUES (519, false, false, 1, 1, 11);
-- INSERT INTO PUBLIC.TILES (ID, IS_PLAYER_STANDING_ON, IS_REACH_ABLE, TEXTURE_ID, TYPE, AREA_ID) VALUES (521, false, false, 1, 1, 11);
-- INSERT INTO PUBLIC.TILES (ID, IS_PLAYER_STANDING_ON, IS_REACH_ABLE, TEXTURE_ID, TYPE, AREA_ID) VALUES (523, false, false, 1, 3, 11);
-- INSERT INTO PUBLIC.TILES (ID, IS_PLAYER_STANDING_ON, IS_REACH_ABLE, TEXTURE_ID, TYPE, AREA_ID) VALUES (525, false, false, 1, 1, 11);
-- INSERT INTO PUBLIC.TILES (ID, IS_PLAYER_STANDING_ON, IS_REACH_ABLE, TEXTURE_ID, TYPE, AREA_ID) VALUES (527, false, false, 1, 0, 11);
-- INSERT INTO PUBLIC.TILES (ID, IS_PLAYER_STANDING_ON, IS_REACH_ABLE, TEXTURE_ID, TYPE, AREA_ID) VALUES (529, false, false, 1, 1, 11);
-- INSERT INTO PUBLIC.TILES (ID, IS_PLAYER_STANDING_ON, IS_REACH_ABLE, TEXTURE_ID, TYPE, AREA_ID) VALUES (531, false, false, 1, 3, 11);
-- INSERT INTO PUBLIC.TILES (ID, IS_PLAYER_STANDING_ON, IS_REACH_ABLE, TEXTURE_ID, TYPE, AREA_ID) VALUES (533, false, false, 1, 0, 11);
-- INSERT INTO PUBLIC.TILES (ID, IS_PLAYER_STANDING_ON, IS_REACH_ABLE, TEXTURE_ID, TYPE, AREA_ID) VALUES (535, false, false, 1, 1, 11);
-- INSERT INTO PUBLIC.TILES (ID, IS_PLAYER_STANDING_ON, IS_REACH_ABLE, TEXTURE_ID, TYPE, AREA_ID) VALUES (537, false, false, 1, 1, 11);
-- INSERT INTO PUBLIC.TILES (ID, IS_PLAYER_STANDING_ON, IS_REACH_ABLE, TEXTURE_ID, TYPE, AREA_ID) VALUES (539, false, false, 1, 1, 11);
-- INSERT INTO PUBLIC.TILES (ID, IS_PLAYER_STANDING_ON, IS_REACH_ABLE, TEXTURE_ID, TYPE, AREA_ID) VALUES (541, false, false, 1, 0, 11);
-- INSERT INTO PUBLIC.TILES (ID, IS_PLAYER_STANDING_ON, IS_REACH_ABLE, TEXTURE_ID, TYPE, AREA_ID) VALUES (543, false, false, 1, 0, 11);
-- INSERT INTO PUBLIC.TILES (ID, IS_PLAYER_STANDING_ON, IS_REACH_ABLE, TEXTURE_ID, TYPE, AREA_ID) VALUES (545, false, false, 1, 0, 11);
-- INSERT INTO PUBLIC.TILES (ID, IS_PLAYER_STANDING_ON, IS_REACH_ABLE, TEXTURE_ID, TYPE, AREA_ID) VALUES (547, false, false, 1, 3, 11);
-- INSERT INTO PUBLIC.TILES (ID, IS_PLAYER_STANDING_ON, IS_REACH_ABLE, TEXTURE_ID, TYPE, AREA_ID) VALUES (549, false, false, 1, 0, 11);
-- INSERT INTO PUBLIC.TILES (ID, IS_PLAYER_STANDING_ON, IS_REACH_ABLE, TEXTURE_ID, TYPE, AREA_ID) VALUES (551, false, false, 1, 0, 11);
-- INSERT INTO PUBLIC.TILES (ID, IS_PLAYER_STANDING_ON, IS_REACH_ABLE, TEXTURE_ID, TYPE, AREA_ID) VALUES (553, false, false, 1, 0, 12);
-- INSERT INTO PUBLIC.TILES (ID, IS_PLAYER_STANDING_ON, IS_REACH_ABLE, TEXTURE_ID, TYPE, AREA_ID) VALUES (555, false, false, 1, 0, 12);
-- INSERT INTO PUBLIC.TILES (ID, IS_PLAYER_STANDING_ON, IS_REACH_ABLE, TEXTURE_ID, TYPE, AREA_ID) VALUES (557, false, false, 1, 1, 12);
-- INSERT INTO PUBLIC.TILES (ID, IS_PLAYER_STANDING_ON, IS_REACH_ABLE, TEXTURE_ID, TYPE, AREA_ID) VALUES (559, false, false, 1, 0, 12);
-- INSERT INTO PUBLIC.TILES (ID, IS_PLAYER_STANDING_ON, IS_REACH_ABLE, TEXTURE_ID, TYPE, AREA_ID) VALUES (561, false, false, 1, 0, 12);
-- INSERT INTO PUBLIC.TILES (ID, IS_PLAYER_STANDING_ON, IS_REACH_ABLE, TEXTURE_ID, TYPE, AREA_ID) VALUES (563, false, false, 1, 0, 12);
-- INSERT INTO PUBLIC.TILES (ID, IS_PLAYER_STANDING_ON, IS_REACH_ABLE, TEXTURE_ID, TYPE, AREA_ID) VALUES (565, false, false, 1, 0, 12);
-- INSERT INTO PUBLIC.TILES (ID, IS_PLAYER_STANDING_ON, IS_REACH_ABLE, TEXTURE_ID, TYPE, AREA_ID) VALUES (567, false, false, 1, 1, 12);
-- INSERT INTO PUBLIC.TILES (ID, IS_PLAYER_STANDING_ON, IS_REACH_ABLE, TEXTURE_ID, TYPE, AREA_ID) VALUES (569, false, false, 1, 0, 12);
-- INSERT INTO PUBLIC.TILES (ID, IS_PLAYER_STANDING_ON, IS_REACH_ABLE, TEXTURE_ID, TYPE, AREA_ID) VALUES (571, false, false, 1, 0, 12);
-- INSERT INTO PUBLIC.TILES (ID, IS_PLAYER_STANDING_ON, IS_REACH_ABLE, TEXTURE_ID, TYPE, AREA_ID) VALUES (573, false, false, 1, 3, 12);
-- INSERT INTO PUBLIC.TILES (ID, IS_PLAYER_STANDING_ON, IS_REACH_ABLE, TEXTURE_ID, TYPE, AREA_ID) VALUES (575, false, false, 1, 1, 12);
-- INSERT INTO PUBLIC.TILES (ID, IS_PLAYER_STANDING_ON, IS_REACH_ABLE, TEXTURE_ID, TYPE, AREA_ID) VALUES (577, false, false, 1, 1, 12);
-- INSERT INTO PUBLIC.TILES (ID, IS_PLAYER_STANDING_ON, IS_REACH_ABLE, TEXTURE_ID, TYPE, AREA_ID) VALUES (579, false, false, 1, 1, 12);
-- INSERT INTO PUBLIC.TILES (ID, IS_PLAYER_STANDING_ON, IS_REACH_ABLE, TEXTURE_ID, TYPE, AREA_ID) VALUES (581, false, false, 1, 2, 12);
-- INSERT INTO PUBLIC.TILES (ID, IS_PLAYER_STANDING_ON, IS_REACH_ABLE, TEXTURE_ID, TYPE, AREA_ID) VALUES (583, false, false, 1, 0, 12);
-- INSERT INTO PUBLIC.TILES (ID, IS_PLAYER_STANDING_ON, IS_REACH_ABLE, TEXTURE_ID, TYPE, AREA_ID) VALUES (585, false, false, 1, 1, 12);
-- INSERT INTO PUBLIC.TILES (ID, IS_PLAYER_STANDING_ON, IS_REACH_ABLE, TEXTURE_ID, TYPE, AREA_ID) VALUES (587, false, false, 1, 1, 12);
-- INSERT INTO PUBLIC.TILES (ID, IS_PLAYER_STANDING_ON, IS_REACH_ABLE, TEXTURE_ID, TYPE, AREA_ID) VALUES (589, false, false, 1, 0, 12);
-- INSERT INTO PUBLIC.TILES (ID, IS_PLAYER_STANDING_ON, IS_REACH_ABLE, TEXTURE_ID, TYPE, AREA_ID) VALUES (591, false, false, 1, 0, 12);
-- INSERT INTO PUBLIC.TILES (ID, IS_PLAYER_STANDING_ON, IS_REACH_ABLE, TEXTURE_ID, TYPE, AREA_ID) VALUES (593, false, false, 1, 0, 12);
-- INSERT INTO PUBLIC.TILES (ID, IS_PLAYER_STANDING_ON, IS_REACH_ABLE, TEXTURE_ID, TYPE, AREA_ID) VALUES (595, false, false, 1, 0, 12);
-- INSERT INTO PUBLIC.TILES (ID, IS_PLAYER_STANDING_ON, IS_REACH_ABLE, TEXTURE_ID, TYPE, AREA_ID) VALUES (597, false, false, 1, 3, 12);
-- INSERT INTO PUBLIC.TILES (ID, IS_PLAYER_STANDING_ON, IS_REACH_ABLE, TEXTURE_ID, TYPE, AREA_ID) VALUES (599, false, false, 1, 0, 12);
-- INSERT INTO PUBLIC.TILES (ID, IS_PLAYER_STANDING_ON, IS_REACH_ABLE, TEXTURE_ID, TYPE, AREA_ID) VALUES (601, false, false, 1, 0, 12);
-- INSERT INTO PUBLIC.TILES (ID, IS_PLAYER_STANDING_ON, IS_REACH_ABLE, TEXTURE_ID, TYPE, AREA_ID) VALUES (603, false, false, 1, 1, 13);
-- INSERT INTO PUBLIC.TILES (ID, IS_PLAYER_STANDING_ON, IS_REACH_ABLE, TEXTURE_ID, TYPE, AREA_ID) VALUES (605, false, false, 1, 1, 13);
-- INSERT INTO PUBLIC.TILES (ID, IS_PLAYER_STANDING_ON, IS_REACH_ABLE, TEXTURE_ID, TYPE, AREA_ID) VALUES (607, false, false, 1, 3, 13);
-- INSERT INTO PUBLIC.TILES (ID, IS_PLAYER_STANDING_ON, IS_REACH_ABLE, TEXTURE_ID, TYPE, AREA_ID) VALUES (609, false, false, 1, 1, 13);
-- INSERT INTO PUBLIC.TILES (ID, IS_PLAYER_STANDING_ON, IS_REACH_ABLE, TEXTURE_ID, TYPE, AREA_ID) VALUES (611, false, false, 1, 1, 13);
-- INSERT INTO PUBLIC.TILES (ID, IS_PLAYER_STANDING_ON, IS_REACH_ABLE, TEXTURE_ID, TYPE, AREA_ID) VALUES (613, false, false, 1, 1, 13);
-- INSERT INTO PUBLIC.TILES (ID, IS_PLAYER_STANDING_ON, IS_REACH_ABLE, TEXTURE_ID, TYPE, AREA_ID) VALUES (615, false, false, 1, 0, 13);
-- INSERT INTO PUBLIC.TILES (ID, IS_PLAYER_STANDING_ON, IS_REACH_ABLE, TEXTURE_ID, TYPE, AREA_ID) VALUES (617, false, false, 1, 0, 13);
-- INSERT INTO PUBLIC.TILES (ID, IS_PLAYER_STANDING_ON, IS_REACH_ABLE, TEXTURE_ID, TYPE, AREA_ID) VALUES (619, false, false, 1, 0, 13);
-- INSERT INTO PUBLIC.TILES (ID, IS_PLAYER_STANDING_ON, IS_REACH_ABLE, TEXTURE_ID, TYPE, AREA_ID) VALUES (621, false, false, 1, 1, 13);
-- INSERT INTO PUBLIC.TILES (ID, IS_PLAYER_STANDING_ON, IS_REACH_ABLE, TEXTURE_ID, TYPE, AREA_ID) VALUES (623, false, false, 1, 1, 13);
-- INSERT INTO PUBLIC.TILES (ID, IS_PLAYER_STANDING_ON, IS_REACH_ABLE, TEXTURE_ID, TYPE, AREA_ID) VALUES (625, false, false, 1, 0, 13);
-- INSERT INTO PUBLIC.TILES (ID, IS_PLAYER_STANDING_ON, IS_REACH_ABLE, TEXTURE_ID, TYPE, AREA_ID) VALUES (627, false, false, 1, 0, 13);
-- INSERT INTO PUBLIC.TILES (ID, IS_PLAYER_STANDING_ON, IS_REACH_ABLE, TEXTURE_ID, TYPE, AREA_ID) VALUES (629, false, false, 1, 0, 13);
-- INSERT INTO PUBLIC.TILES (ID, IS_PLAYER_STANDING_ON, IS_REACH_ABLE, TEXTURE_ID, TYPE, AREA_ID) VALUES (631, false, false, 1, 3, 13);
-- INSERT INTO PUBLIC.TILES (ID, IS_PLAYER_STANDING_ON, IS_REACH_ABLE, TEXTURE_ID, TYPE, AREA_ID) VALUES (633, false, false, 1, 1, 13);
-- INSERT INTO PUBLIC.TILES (ID, IS_PLAYER_STANDING_ON, IS_REACH_ABLE, TEXTURE_ID, TYPE, AREA_ID) VALUES (635, false, false, 1, 1, 13);
-- INSERT INTO PUBLIC.TILES (ID, IS_PLAYER_STANDING_ON, IS_REACH_ABLE, TEXTURE_ID, TYPE, AREA_ID) VALUES (637, false, false, 1, 1, 13);
-- INSERT INTO PUBLIC.TILES (ID, IS_PLAYER_STANDING_ON, IS_REACH_ABLE, TEXTURE_ID, TYPE, AREA_ID) VALUES (639, false, false, 1, 1, 13);
-- INSERT INTO PUBLIC.TILES (ID, IS_PLAYER_STANDING_ON, IS_REACH_ABLE, TEXTURE_ID, TYPE, AREA_ID) VALUES (641, false, false, 1, 1, 13);
-- INSERT INTO PUBLIC.TILES (ID, IS_PLAYER_STANDING_ON, IS_REACH_ABLE, TEXTURE_ID, TYPE, AREA_ID) VALUES (643, false, false, 1, 0, 13);
-- INSERT INTO PUBLIC.TILES (ID, IS_PLAYER_STANDING_ON, IS_REACH_ABLE, TEXTURE_ID, TYPE, AREA_ID) VALUES (645, false, false, 1, 0, 13);
-- INSERT INTO PUBLIC.TILES (ID, IS_PLAYER_STANDING_ON, IS_REACH_ABLE, TEXTURE_ID, TYPE, AREA_ID) VALUES (647, false, false, 1, 3, 13);
-- INSERT INTO PUBLIC.TILES (ID, IS_PLAYER_STANDING_ON, IS_REACH_ABLE, TEXTURE_ID, TYPE, AREA_ID) VALUES (649, false, false, 1, 0, 13);
-- INSERT INTO PUBLIC.TILES (ID, IS_PLAYER_STANDING_ON, IS_REACH_ABLE, TEXTURE_ID, TYPE, AREA_ID) VALUES (651, false, false, 1, 0, 13);
-- INSERT INTO PUBLIC.TILES (ID, IS_PLAYER_STANDING_ON, IS_REACH_ABLE, TEXTURE_ID, TYPE, AREA_ID) VALUES (653, false, false, 1, 0, 14);
-- INSERT INTO PUBLIC.TILES (ID, IS_PLAYER_STANDING_ON, IS_REACH_ABLE, TEXTURE_ID, TYPE, AREA_ID) VALUES (655, false, false, 1, 0, 14);
-- INSERT INTO PUBLIC.TILES (ID, IS_PLAYER_STANDING_ON, IS_REACH_ABLE, TEXTURE_ID, TYPE, AREA_ID) VALUES (657, false, false, 1, 3, 14);
-- INSERT INTO PUBLIC.TILES (ID, IS_PLAYER_STANDING_ON, IS_REACH_ABLE, TEXTURE_ID, TYPE, AREA_ID) VALUES (659, false, false, 1, 0, 14);
-- INSERT INTO PUBLIC.TILES (ID, IS_PLAYER_STANDING_ON, IS_REACH_ABLE, TEXTURE_ID, TYPE, AREA_ID) VALUES (661, false, false, 1, 0, 14);
-- INSERT INTO PUBLIC.TILES (ID, IS_PLAYER_STANDING_ON, IS_REACH_ABLE, TEXTURE_ID, TYPE, AREA_ID) VALUES (663, false, false, 1, 0, 14);
-- INSERT INTO PUBLIC.TILES (ID, IS_PLAYER_STANDING_ON, IS_REACH_ABLE, TEXTURE_ID, TYPE, AREA_ID) VALUES (665, false, false, 1, 0, 14);
-- INSERT INTO PUBLIC.TILES (ID, IS_PLAYER_STANDING_ON, IS_REACH_ABLE, TEXTURE_ID, TYPE, AREA_ID) VALUES (667, false, false, 1, 1, 14);
-- INSERT INTO PUBLIC.TILES (ID, IS_PLAYER_STANDING_ON, IS_REACH_ABLE, TEXTURE_ID, TYPE, AREA_ID) VALUES (669, false, false, 1, 1, 14);
-- INSERT INTO PUBLIC.TILES (ID, IS_PLAYER_STANDING_ON, IS_REACH_ABLE, TEXTURE_ID, TYPE, AREA_ID) VALUES (671, false, false, 1, 0, 14);
-- INSERT INTO PUBLIC.TILES (ID, IS_PLAYER_STANDING_ON, IS_REACH_ABLE, TEXTURE_ID, TYPE, AREA_ID) VALUES (673, false, false, 1, 3, 14);
-- INSERT INTO PUBLIC.TILES (ID, IS_PLAYER_STANDING_ON, IS_REACH_ABLE, TEXTURE_ID, TYPE, AREA_ID) VALUES (675, false, false, 1, 1, 14);
-- INSERT INTO PUBLIC.TILES (ID, IS_PLAYER_STANDING_ON, IS_REACH_ABLE, TEXTURE_ID, TYPE, AREA_ID) VALUES (677, false, false, 1, 1, 14);
-- INSERT INTO PUBLIC.TILES (ID, IS_PLAYER_STANDING_ON, IS_REACH_ABLE, TEXTURE_ID, TYPE, AREA_ID) VALUES (679, false, false, 1, 1, 14);
-- INSERT INTO PUBLIC.TILES (ID, IS_PLAYER_STANDING_ON, IS_REACH_ABLE, TEXTURE_ID, TYPE, AREA_ID) VALUES (681, false, false, 1, 3, 14);
-- INSERT INTO PUBLIC.TILES (ID, IS_PLAYER_STANDING_ON, IS_REACH_ABLE, TEXTURE_ID, TYPE, AREA_ID) VALUES (683, false, false, 1, 0, 14);
-- INSERT INTO PUBLIC.TILES (ID, IS_PLAYER_STANDING_ON, IS_REACH_ABLE, TEXTURE_ID, TYPE, AREA_ID) VALUES (685, false, false, 1, 1, 14);
-- INSERT INTO PUBLIC.TILES (ID, IS_PLAYER_STANDING_ON, IS_REACH_ABLE, TEXTURE_ID, TYPE, AREA_ID) VALUES (687, false, false, 1, 1, 14);
-- INSERT INTO PUBLIC.TILES (ID, IS_PLAYER_STANDING_ON, IS_REACH_ABLE, TEXTURE_ID, TYPE, AREA_ID) VALUES (689, false, false, 1, 1, 14);
-- INSERT INTO PUBLIC.TILES (ID, IS_PLAYER_STANDING_ON, IS_REACH_ABLE, TEXTURE_ID, TYPE, AREA_ID) VALUES (691, false, false, 1, 0, 14);
-- INSERT INTO PUBLIC.TILES (ID, IS_PLAYER_STANDING_ON, IS_REACH_ABLE, TEXTURE_ID, TYPE, AREA_ID) VALUES (693, false, false, 1, 0, 14);
-- INSERT INTO PUBLIC.TILES (ID, IS_PLAYER_STANDING_ON, IS_REACH_ABLE, TEXTURE_ID, TYPE, AREA_ID) VALUES (695, false, false, 1, 1, 14);
-- INSERT INTO PUBLIC.TILES (ID, IS_PLAYER_STANDING_ON, IS_REACH_ABLE, TEXTURE_ID, TYPE, AREA_ID) VALUES (697, false, false, 1, 3, 14);
-- INSERT INTO PUBLIC.TILES (ID, IS_PLAYER_STANDING_ON, IS_REACH_ABLE, TEXTURE_ID, TYPE, AREA_ID) VALUES (699, false, false, 1, 0, 14);
-- INSERT INTO PUBLIC.TILES (ID, IS_PLAYER_STANDING_ON, IS_REACH_ABLE, TEXTURE_ID, TYPE, AREA_ID) VALUES (701, false, false, 1, 0, 14);
-- INSERT INTO PUBLIC.TILES (ID, IS_PLAYER_STANDING_ON, IS_REACH_ABLE, TEXTURE_ID, TYPE, AREA_ID) VALUES (703, false, false, 1, 0, 15);
-- INSERT INTO PUBLIC.TILES (ID, IS_PLAYER_STANDING_ON, IS_REACH_ABLE, TEXTURE_ID, TYPE, AREA_ID) VALUES (705, false, false, 1, 0, 15);
-- INSERT INTO PUBLIC.TILES (ID, IS_PLAYER_STANDING_ON, IS_REACH_ABLE, TEXTURE_ID, TYPE, AREA_ID) VALUES (707, false, false, 1, 3, 15);
-- INSERT INTO PUBLIC.TILES (ID, IS_PLAYER_STANDING_ON, IS_REACH_ABLE, TEXTURE_ID, TYPE, AREA_ID) VALUES (709, false, false, 1, 0, 15);
-- INSERT INTO PUBLIC.TILES (ID, IS_PLAYER_STANDING_ON, IS_REACH_ABLE, TEXTURE_ID, TYPE, AREA_ID) VALUES (711, false, false, 1, 0, 15);
-- INSERT INTO PUBLIC.TILES (ID, IS_PLAYER_STANDING_ON, IS_REACH_ABLE, TEXTURE_ID, TYPE, AREA_ID) VALUES (713, false, false, 1, 0, 15);
-- INSERT INTO PUBLIC.TILES (ID, IS_PLAYER_STANDING_ON, IS_REACH_ABLE, TEXTURE_ID, TYPE, AREA_ID) VALUES (715, false, false, 1, 0, 15);
-- INSERT INTO PUBLIC.TILES (ID, IS_PLAYER_STANDING_ON, IS_REACH_ABLE, TEXTURE_ID, TYPE, AREA_ID) VALUES (717, false, false, 1, 1, 15);
-- INSERT INTO PUBLIC.TILES (ID, IS_PLAYER_STANDING_ON, IS_REACH_ABLE, TEXTURE_ID, TYPE, AREA_ID) VALUES (719, false, false, 1, 0, 15);
-- INSERT INTO PUBLIC.TILES (ID, IS_PLAYER_STANDING_ON, IS_REACH_ABLE, TEXTURE_ID, TYPE, AREA_ID) VALUES (721, false, false, 1, 0, 15);
-- INSERT INTO PUBLIC.TILES (ID, IS_PLAYER_STANDING_ON, IS_REACH_ABLE, TEXTURE_ID, TYPE, AREA_ID) VALUES (723, false, false, 1, 3, 15);
-- INSERT INTO PUBLIC.TILES (ID, IS_PLAYER_STANDING_ON, IS_REACH_ABLE, TEXTURE_ID, TYPE, AREA_ID) VALUES (725, false, false, 1, 1, 15);
-- INSERT INTO PUBLIC.TILES (ID, IS_PLAYER_STANDING_ON, IS_REACH_ABLE, TEXTURE_ID, TYPE, AREA_ID) VALUES (727, false, false, 1, 1, 15);
-- INSERT INTO PUBLIC.TILES (ID, IS_PLAYER_STANDING_ON, IS_REACH_ABLE, TEXTURE_ID, TYPE, AREA_ID) VALUES (729, false, false, 1, 1, 15);
-- INSERT INTO PUBLIC.TILES (ID, IS_PLAYER_STANDING_ON, IS_REACH_ABLE, TEXTURE_ID, TYPE, AREA_ID) VALUES (731, false, false, 1, 1, 15);
-- INSERT INTO PUBLIC.TILES (ID, IS_PLAYER_STANDING_ON, IS_REACH_ABLE, TEXTURE_ID, TYPE, AREA_ID) VALUES (733, false, false, 1, 0, 15);
-- INSERT INTO PUBLIC.TILES (ID, IS_PLAYER_STANDING_ON, IS_REACH_ABLE, TEXTURE_ID, TYPE, AREA_ID) VALUES (735, false, false, 1, 1, 15);
-- INSERT INTO PUBLIC.TILES (ID, IS_PLAYER_STANDING_ON, IS_REACH_ABLE, TEXTURE_ID, TYPE, AREA_ID) VALUES (737, false, false, 1, 1, 15);
-- INSERT INTO PUBLIC.TILES (ID, IS_PLAYER_STANDING_ON, IS_REACH_ABLE, TEXTURE_ID, TYPE, AREA_ID) VALUES (739, false, false, 1, 1, 15);
-- INSERT INTO PUBLIC.TILES (ID, IS_PLAYER_STANDING_ON, IS_REACH_ABLE, TEXTURE_ID, TYPE, AREA_ID) VALUES (741, false, false, 1, 0, 15);
-- INSERT INTO PUBLIC.TILES (ID, IS_PLAYER_STANDING_ON, IS_REACH_ABLE, TEXTURE_ID, TYPE, AREA_ID) VALUES (743, false, false, 1, 0, 15);
-- INSERT INTO PUBLIC.TILES (ID, IS_PLAYER_STANDING_ON, IS_REACH_ABLE, TEXTURE_ID, TYPE, AREA_ID) VALUES (745, false, false, 1, 0, 15);
-- INSERT INTO PUBLIC.TILES (ID, IS_PLAYER_STANDING_ON, IS_REACH_ABLE, TEXTURE_ID, TYPE, AREA_ID) VALUES (747, false, false, 1, 3, 15);
-- INSERT INTO PUBLIC.TILES (ID, IS_PLAYER_STANDING_ON, IS_REACH_ABLE, TEXTURE_ID, TYPE, AREA_ID) VALUES (749, false, false, 1, 0, 15);
-- INSERT INTO PUBLIC.TILES (ID, IS_PLAYER_STANDING_ON, IS_REACH_ABLE, TEXTURE_ID, TYPE, AREA_ID) VALUES (751, false, false, 1, 0, 15);
-- INSERT INTO PUBLIC.TILES (ID, IS_PLAYER_STANDING_ON, IS_REACH_ABLE, TEXTURE_ID, TYPE, AREA_ID) VALUES (753, false, false, 1, 0, 16);
-- INSERT INTO PUBLIC.TILES (ID, IS_PLAYER_STANDING_ON, IS_REACH_ABLE, TEXTURE_ID, TYPE, AREA_ID) VALUES (755, false, false, 1, 1, 16);
-- INSERT INTO PUBLIC.TILES (ID, IS_PLAYER_STANDING_ON, IS_REACH_ABLE, TEXTURE_ID, TYPE, AREA_ID) VALUES (757, false, false, 1, 3, 16);
-- INSERT INTO PUBLIC.TILES (ID, IS_PLAYER_STANDING_ON, IS_REACH_ABLE, TEXTURE_ID, TYPE, AREA_ID) VALUES (759, false, false, 1, 1, 16);
-- INSERT INTO PUBLIC.TILES (ID, IS_PLAYER_STANDING_ON, IS_REACH_ABLE, TEXTURE_ID, TYPE, AREA_ID) VALUES (761, false, false, 1, 1, 16);
-- INSERT INTO PUBLIC.TILES (ID, IS_PLAYER_STANDING_ON, IS_REACH_ABLE, TEXTURE_ID, TYPE, AREA_ID) VALUES (763, false, false, 1, 1, 16);
-- INSERT INTO PUBLIC.TILES (ID, IS_PLAYER_STANDING_ON, IS_REACH_ABLE, TEXTURE_ID, TYPE, AREA_ID) VALUES (765, false, false, 1, 1, 16);
-- INSERT INTO PUBLIC.TILES (ID, IS_PLAYER_STANDING_ON, IS_REACH_ABLE, TEXTURE_ID, TYPE, AREA_ID) VALUES (767, false, false, 1, 0, 16);
-- INSERT INTO PUBLIC.TILES (ID, IS_PLAYER_STANDING_ON, IS_REACH_ABLE, TEXTURE_ID, TYPE, AREA_ID) VALUES (769, false, false, 1, 0, 16);
-- INSERT INTO PUBLIC.TILES (ID, IS_PLAYER_STANDING_ON, IS_REACH_ABLE, TEXTURE_ID, TYPE, AREA_ID) VALUES (771, false, false, 1, 1, 16);
-- INSERT INTO PUBLIC.TILES (ID, IS_PLAYER_STANDING_ON, IS_REACH_ABLE, TEXTURE_ID, TYPE, AREA_ID) VALUES (773, false, false, 1, 1, 16);
-- INSERT INTO PUBLIC.TILES (ID, IS_PLAYER_STANDING_ON, IS_REACH_ABLE, TEXTURE_ID, TYPE, AREA_ID) VALUES (775, false, false, 1, 1, 16);
-- INSERT INTO PUBLIC.TILES (ID, IS_PLAYER_STANDING_ON, IS_REACH_ABLE, TEXTURE_ID, TYPE, AREA_ID) VALUES (777, false, false, 1, 0, 16);
-- INSERT INTO PUBLIC.TILES (ID, IS_PLAYER_STANDING_ON, IS_REACH_ABLE, TEXTURE_ID, TYPE, AREA_ID) VALUES (779, false, false, 1, 0, 16);
-- INSERT INTO PUBLIC.TILES (ID, IS_PLAYER_STANDING_ON, IS_REACH_ABLE, TEXTURE_ID, TYPE, AREA_ID) VALUES (781, false, false, 1, 3, 16);
-- INSERT INTO PUBLIC.TILES (ID, IS_PLAYER_STANDING_ON, IS_REACH_ABLE, TEXTURE_ID, TYPE, AREA_ID) VALUES (783, false, false, 1, 0, 16);
-- INSERT INTO PUBLIC.TILES (ID, IS_PLAYER_STANDING_ON, IS_REACH_ABLE, TEXTURE_ID, TYPE, AREA_ID) VALUES (785, false, false, 1, 1, 16);
-- INSERT INTO PUBLIC.TILES (ID, IS_PLAYER_STANDING_ON, IS_REACH_ABLE, TEXTURE_ID, TYPE, AREA_ID) VALUES (787, false, false, 1, 0, 16);
-- INSERT INTO PUBLIC.TILES (ID, IS_PLAYER_STANDING_ON, IS_REACH_ABLE, TEXTURE_ID, TYPE, AREA_ID) VALUES (789, false, false, 1, 0, 16);
-- INSERT INTO PUBLIC.TILES (ID, IS_PLAYER_STANDING_ON, IS_REACH_ABLE, TEXTURE_ID, TYPE, AREA_ID) VALUES (791, false, false, 1, 1, 16);
-- INSERT INTO PUBLIC.TILES (ID, IS_PLAYER_STANDING_ON, IS_REACH_ABLE, TEXTURE_ID, TYPE, AREA_ID) VALUES (793, false, false, 1, 0, 16);
-- INSERT INTO PUBLIC.TILES (ID, IS_PLAYER_STANDING_ON, IS_REACH_ABLE, TEXTURE_ID, TYPE, AREA_ID) VALUES (795, false, false, 1, 1, 16);
-- INSERT INTO PUBLIC.TILES (ID, IS_PLAYER_STANDING_ON, IS_REACH_ABLE, TEXTURE_ID, TYPE, AREA_ID) VALUES (797, false, false, 1, 2, 16);
-- INSERT INTO PUBLIC.TILES (ID, IS_PLAYER_STANDING_ON, IS_REACH_ABLE, TEXTURE_ID, TYPE, AREA_ID) VALUES (799, false, false, 1, 1, 16);
-- INSERT INTO PUBLIC.TILES (ID, IS_PLAYER_STANDING_ON, IS_REACH_ABLE, TEXTURE_ID, TYPE, AREA_ID) VALUES (801, false, false, 1, 1, 16);
-- INSERT INTO PUBLIC.TILES (ID, IS_PLAYER_STANDING_ON, IS_REACH_ABLE, TEXTURE_ID, TYPE, AREA_ID) VALUES (803, false, false, 1, 0, 17);
-- INSERT INTO PUBLIC.TILES (ID, IS_PLAYER_STANDING_ON, IS_REACH_ABLE, TEXTURE_ID, TYPE, AREA_ID) VALUES (805, false, false, 1, 0, 17);
-- INSERT INTO PUBLIC.TILES (ID, IS_PLAYER_STANDING_ON, IS_REACH_ABLE, TEXTURE_ID, TYPE, AREA_ID) VALUES (807, false, false, 1, 3, 17);
-- INSERT INTO PUBLIC.TILES (ID, IS_PLAYER_STANDING_ON, IS_REACH_ABLE, TEXTURE_ID, TYPE, AREA_ID) VALUES (809, false, false, 1, 0, 17);
-- INSERT INTO PUBLIC.TILES (ID, IS_PLAYER_STANDING_ON, IS_REACH_ABLE, TEXTURE_ID, TYPE, AREA_ID) VALUES (811, false, false, 1, 0, 17);
-- INSERT INTO PUBLIC.TILES (ID, IS_PLAYER_STANDING_ON, IS_REACH_ABLE, TEXTURE_ID, TYPE, AREA_ID) VALUES (813, false, false, 1, 0, 17);
-- INSERT INTO PUBLIC.TILES (ID, IS_PLAYER_STANDING_ON, IS_REACH_ABLE, TEXTURE_ID, TYPE, AREA_ID) VALUES (815, false, false, 1, 1, 17);
-- INSERT INTO PUBLIC.TILES (ID, IS_PLAYER_STANDING_ON, IS_REACH_ABLE, TEXTURE_ID, TYPE, AREA_ID) VALUES (817, false, false, 1, 1, 17);
-- INSERT INTO PUBLIC.TILES (ID, IS_PLAYER_STANDING_ON, IS_REACH_ABLE, TEXTURE_ID, TYPE, AREA_ID) VALUES (819, false, false, 1, 1, 17);
-- INSERT INTO PUBLIC.TILES (ID, IS_PLAYER_STANDING_ON, IS_REACH_ABLE, TEXTURE_ID, TYPE, AREA_ID) VALUES (821, false, false, 1, 1, 17);
-- INSERT INTO PUBLIC.TILES (ID, IS_PLAYER_STANDING_ON, IS_REACH_ABLE, TEXTURE_ID, TYPE, AREA_ID) VALUES (823, false, false, 1, 3, 17);
-- INSERT INTO PUBLIC.TILES (ID, IS_PLAYER_STANDING_ON, IS_REACH_ABLE, TEXTURE_ID, TYPE, AREA_ID) VALUES (825, false, false, 1, 1, 17);
-- INSERT INTO PUBLIC.TILES (ID, IS_PLAYER_STANDING_ON, IS_REACH_ABLE, TEXTURE_ID, TYPE, AREA_ID) VALUES (827, false, false, 1, 0, 17);
-- INSERT INTO PUBLIC.TILES (ID, IS_PLAYER_STANDING_ON, IS_REACH_ABLE, TEXTURE_ID, TYPE, AREA_ID) VALUES (829, false, false, 1, 1, 17);
-- INSERT INTO PUBLIC.TILES (ID, IS_PLAYER_STANDING_ON, IS_REACH_ABLE, TEXTURE_ID, TYPE, AREA_ID) VALUES (831, false, false, 1, 3, 17);
-- INSERT INTO PUBLIC.TILES (ID, IS_PLAYER_STANDING_ON, IS_REACH_ABLE, TEXTURE_ID, TYPE, AREA_ID) VALUES (833, false, false, 1, 0, 17);
-- INSERT INTO PUBLIC.TILES (ID, IS_PLAYER_STANDING_ON, IS_REACH_ABLE, TEXTURE_ID, TYPE, AREA_ID) VALUES (835, false, false, 1, 1, 17);
-- INSERT INTO PUBLIC.TILES (ID, IS_PLAYER_STANDING_ON, IS_REACH_ABLE, TEXTURE_ID, TYPE, AREA_ID) VALUES (837, false, false, 1, 1, 17);
-- INSERT INTO PUBLIC.TILES (ID, IS_PLAYER_STANDING_ON, IS_REACH_ABLE, TEXTURE_ID, TYPE, AREA_ID) VALUES (839, false, false, 1, 1, 17);
-- INSERT INTO PUBLIC.TILES (ID, IS_PLAYER_STANDING_ON, IS_REACH_ABLE, TEXTURE_ID, TYPE, AREA_ID) VALUES (841, false, false, 1, 1, 17);
-- INSERT INTO PUBLIC.TILES (ID, IS_PLAYER_STANDING_ON, IS_REACH_ABLE, TEXTURE_ID, TYPE, AREA_ID) VALUES (843, false, false, 1, 0, 17);
-- INSERT INTO PUBLIC.TILES (ID, IS_PLAYER_STANDING_ON, IS_REACH_ABLE, TEXTURE_ID, TYPE, AREA_ID) VALUES (845, false, false, 1, 1, 17);
-- INSERT INTO PUBLIC.TILES (ID, IS_PLAYER_STANDING_ON, IS_REACH_ABLE, TEXTURE_ID, TYPE, AREA_ID) VALUES (847, false, false, 1, 1, 17);
-- INSERT INTO PUBLIC.TILES (ID, IS_PLAYER_STANDING_ON, IS_REACH_ABLE, TEXTURE_ID, TYPE, AREA_ID) VALUES (849, false, false, 1, 0, 17);
-- INSERT INTO PUBLIC.TILES (ID, IS_PLAYER_STANDING_ON, IS_REACH_ABLE, TEXTURE_ID, TYPE, AREA_ID) VALUES (851, false, false, 1, 0, 17);
-- INSERT INTO PUBLIC.TILES (ID, IS_PLAYER_STANDING_ON, IS_REACH_ABLE, TEXTURE_ID, TYPE, AREA_ID) VALUES (853, false, false, 1, 0, 18);
-- INSERT INTO PUBLIC.TILES (ID, IS_PLAYER_STANDING_ON, IS_REACH_ABLE, TEXTURE_ID, TYPE, AREA_ID) VALUES (855, false, false, 1, 1, 18);
-- INSERT INTO PUBLIC.TILES (ID, IS_PLAYER_STANDING_ON, IS_REACH_ABLE, TEXTURE_ID, TYPE, AREA_ID) VALUES (857, false, false, 1, 3, 18);
-- INSERT INTO PUBLIC.TILES (ID, IS_PLAYER_STANDING_ON, IS_REACH_ABLE, TEXTURE_ID, TYPE, AREA_ID) VALUES (859, false, false, 1, 0, 18);
-- INSERT INTO PUBLIC.TILES (ID, IS_PLAYER_STANDING_ON, IS_REACH_ABLE, TEXTURE_ID, TYPE, AREA_ID) VALUES (861, false, false, 1, 0, 18);
-- INSERT INTO PUBLIC.TILES (ID, IS_PLAYER_STANDING_ON, IS_REACH_ABLE, TEXTURE_ID, TYPE, AREA_ID) VALUES (863, false, false, 1, 0, 18);
-- INSERT INTO PUBLIC.TILES (ID, IS_PLAYER_STANDING_ON, IS_REACH_ABLE, TEXTURE_ID, TYPE, AREA_ID) VALUES (865, false, false, 1, 1, 18);
-- INSERT INTO PUBLIC.TILES (ID, IS_PLAYER_STANDING_ON, IS_REACH_ABLE, TEXTURE_ID, TYPE, AREA_ID) VALUES (867, false, false, 1, 1, 18);
-- INSERT INTO PUBLIC.TILES (ID, IS_PLAYER_STANDING_ON, IS_REACH_ABLE, TEXTURE_ID, TYPE, AREA_ID) VALUES (869, false, false, 1, 1, 18);
-- INSERT INTO PUBLIC.TILES (ID, IS_PLAYER_STANDING_ON, IS_REACH_ABLE, TEXTURE_ID, TYPE, AREA_ID) VALUES (871, false, false, 1, 0, 18);
-- INSERT INTO PUBLIC.TILES (ID, IS_PLAYER_STANDING_ON, IS_REACH_ABLE, TEXTURE_ID, TYPE, AREA_ID) VALUES (873, false, false, 1, 3, 18);
-- INSERT INTO PUBLIC.TILES (ID, IS_PLAYER_STANDING_ON, IS_REACH_ABLE, TEXTURE_ID, TYPE, AREA_ID) VALUES (875, false, false, 1, 1, 18);
-- INSERT INTO PUBLIC.TILES (ID, IS_PLAYER_STANDING_ON, IS_REACH_ABLE, TEXTURE_ID, TYPE, AREA_ID) VALUES (877, false, false, 1, 0, 18);
-- INSERT INTO PUBLIC.TILES (ID, IS_PLAYER_STANDING_ON, IS_REACH_ABLE, TEXTURE_ID, TYPE, AREA_ID) VALUES (879, false, false, 1, 1, 18);
-- INSERT INTO PUBLIC.TILES (ID, IS_PLAYER_STANDING_ON, IS_REACH_ABLE, TEXTURE_ID, TYPE, AREA_ID) VALUES (881, false, false, 1, 1, 18);
-- INSERT INTO PUBLIC.TILES (ID, IS_PLAYER_STANDING_ON, IS_REACH_ABLE, TEXTURE_ID, TYPE, AREA_ID) VALUES (883, false, false, 1, 1, 18);
-- INSERT INTO PUBLIC.TILES (ID, IS_PLAYER_STANDING_ON, IS_REACH_ABLE, TEXTURE_ID, TYPE, AREA_ID) VALUES (885, false, false, 1, 1, 18);
-- INSERT INTO PUBLIC.TILES (ID, IS_PLAYER_STANDING_ON, IS_REACH_ABLE, TEXTURE_ID, TYPE, AREA_ID) VALUES (887, false, false, 1, 1, 18);
-- INSERT INTO PUBLIC.TILES (ID, IS_PLAYER_STANDING_ON, IS_REACH_ABLE, TEXTURE_ID, TYPE, AREA_ID) VALUES (889, false, false, 1, 1, 18);
-- INSERT INTO PUBLIC.TILES (ID, IS_PLAYER_STANDING_ON, IS_REACH_ABLE, TEXTURE_ID, TYPE, AREA_ID) VALUES (891, false, false, 1, 1, 18);
-- INSERT INTO PUBLIC.TILES (ID, IS_PLAYER_STANDING_ON, IS_REACH_ABLE, TEXTURE_ID, TYPE, AREA_ID) VALUES (893, false, false, 1, 0, 18);
-- INSERT INTO PUBLIC.TILES (ID, IS_PLAYER_STANDING_ON, IS_REACH_ABLE, TEXTURE_ID, TYPE, AREA_ID) VALUES (895, false, false, 1, 0, 18);
-- INSERT INTO PUBLIC.TILES (ID, IS_PLAYER_STANDING_ON, IS_REACH_ABLE, TEXTURE_ID, TYPE, AREA_ID) VALUES (897, false, false, 1, 1, 18);
-- INSERT INTO PUBLIC.TILES (ID, IS_PLAYER_STANDING_ON, IS_REACH_ABLE, TEXTURE_ID, TYPE, AREA_ID) VALUES (899, false, false, 1, 0, 18);
-- INSERT INTO PUBLIC.TILES (ID, IS_PLAYER_STANDING_ON, IS_REACH_ABLE, TEXTURE_ID, TYPE, AREA_ID) VALUES (901, false, false, 1, 0, 18);
